Match_ID;Date;HomeTeam;AwayTeam;Home Team Goals;Away Team Goals;Match Result;Referee;Home Team Shots;Away Team Shots;Home Team Shots on Target;Away Team Shots on Target;Home Fouls Committed;Away Fouls Committed;Home Corners;Away Cornners;Home Yellow Cards;Away Yellow Cards;Home Red Cards;Away Red Cards;B365 Home;B365 Draw;B365 Away;Bet&Win Home;Bet&Win Draw;Bet&Win Away;Interwetten Home;Iterwetten Draw;Interwetten Away;William Hill Home;William Hill Draw;William Hill Away;VC Bet Home;VC Bet Draw;VC Bet Away;Betbrain Numbers of bookmakers 1X2;Betbrain Maximum Home;Betbrain Average Home;Betbrain Maximum Draw;Betbrain Average Draw;Betbrain Maximum Away;Betbrain Average Away;Betbrain Numbers of bookmakers Goals;Betbrain Max > 2.5 Goals;Betbrain Average > 2.5 Goals;Betbrain Max < 2.5 Goals;Betbrain Average < 2.5 Goals
3801;10.08.2018;Man United;Leicester;2;1;H;A Marriner;8;13;6;4;11;8;2;5;2;1;0;0;1.57;3.9;7.5;1.53;4;7.5;1.55;3.8;7;1.57;3.8;6;1.57;4;7;39;1.6;1.56;4.2;3.92;8.05;7.06;38;2.12;2.03;1.85;1.79
3802;11.08.2018;Bournemouth;Cardiff;2;0;H;K Friend;12;10;4;1;11;9;7;4;1;1;0;0;1.9;3.6;4.5;1.9;3.4;4.4;1.9;3.5;4.1;1.91;3.5;4;1.87;3.6;4.75;39;1.93;1.88;3.71;3.53;4.75;4.37;38;2.05;1.98;1.92;1.83
3803;11.08.2018;Fulham;Crystal Palace;0;2;A;M Dean;15;10;6;9;9;11;5;5;1;2;0;0;2.5;3.4;3;2.45;3.3;2.95;2.4;3.3;2.95;2.45;3.3;2.8;2.5;3.4;3;39;2.6;2.47;3.49;3.35;3.05;2.92;38;2;1.95;1.96;1.87
3804;11.08.2018;Huddersfield;Chelsea;0;3;A;C Kavanagh;6;13;1;4;9;8;2;5;2;1;0;0;6.5;4;1.61;6.25;3.9;1.57;6.2;4;1.55;5.8;3.9;1.57;6.5;4;1.62;38;6.85;6.09;4.07;3.9;1.66;1.61;37;2.05;1.98;1.9;1.84
3805;11.08.2018;Newcastle;Tottenham;1;2;A;M Atkinson;15;15;2;5;11;12;3;5;2;2;0;0;3.9;3.5;2.04;3.8;3.5;2;3.7;3.35;2.05;3.8;3.2;2.05;3.9;3.4;2.1;39;4.01;3.83;3.57;3.4;2.12;2.05;38;2.1;2.01;1.88;1.81
3806;11.08.2018;Watford;Brighton;2;0;H;J Moss;19;6;5;0;10;16;8;2;2;2;0;0;2.37;3.2;3.4;2.35;3.1;3.3;2.2;3.3;3.4;2.38;3;3.3;2.4;3.2;3.4;39;2.48;2.36;3.3;3.14;3.42;3.31;37;2.46;2.35;1.67;1.59
3807;11.08.2018;Wolves;Everton;2;2;D;C Pawson;11;6;4;5;8;7;3;6;0;1;0;1;2.37;3.3;3.3;2.35;3.2;3.2;2.25;3.35;3.2;2.3;3.2;3.2;2.38;3.3;3.3;38;2.41;2.33;3.4;3.27;3.4;3.23;36;2.2;2.09;1.83;1.75
3808;12.08.2018;Arsenal;Man City;0;2;A;M Oliver;9;17;3;8;11;14;2;9;2;2;0;0;4;3.8;1.95;3.7;3.75;1.95;3.6;3.6;2;3.8;3.8;1.91;3.9;4;1.91;39;4.15;3.83;4;3.8;2;1.92;36;1.6;1.55;2.55;2.42
3809;12.08.2018;Liverpool;West Ham;4;0;H;A Taylor;18;5;8;2;14;9;5;4;1;2;0;0;1.25;6.5;14;1.2;6.75;14;1.25;6.1;11;1.25;5.5;12;1.25;6.5;13;38;1.29;1.25;6.79;6.22;15;12.3;33;1.49;1.44;2.88;2.72
3810;12.08.2018;Southampton;Burnley;0;0;D;G Scott;18;16;3;6;10;9;8;5;0;1;0;0;1.85;3.5;5;1.8;3.5;4.75;1.8;3.6;4.5;1.83;3.25;4.8;1.85;3.4;5.2;39;1.9;1.84;3.61;3.43;5.2;4.8;37;2.45;2.34;1.67;1.6
3811;18.08.2018;Cardiff;Newcastle;0;0;D;C Pawson;12;12;1;6;14;16;5;5;2;2;0;1;3.25;3.1;2.54;3.1;3.1;2.45;2.9;3.2;2.5;3.1;3;2.45;3.25;3.1;2.55;41;3.25;3.14;3.21;3.07;2.6;2.5;38;2.61;2.48;1.58;1.53
3812;18.08.2018;Chelsea;Arsenal;3;2;H;M Atkinson;24;15;11;6;12;9;5;1;0;2;0;0;1.8;4;4.5;1.78;3.8;4.5;1.8;3.8;4.2;1.83;3.75;4;1.8;4;4.5;41;1.87;1.81;4.02;3.85;4.54;4.29;39;1.75;1.68;2.25;2.17
3813;18.08.2018;Everton;Southampton;2;1;H;L Mason;13;15;7;4;8;20;2;5;0;5;0;0;1.9;3.5;4.75;1.91;3.3;4.5;2;3.25;4;1.91;3.4;4;1.91;3.5;4.6;40;2;1.89;3.63;3.44;4.78;4.41;38;2.25;2.15;1.77;1.7
3814;18.08.2018;Leicester;Wolves;2;0;H;M Dean;6;11;2;3;10;8;1;9;2;1;1;0;2.04;3.5;3.9;2;3.5;3.8;2.1;3.3;3.6;2.05;3.4;3.6;2.05;3.5;4;41;2.12;2.05;3.61;3.44;4;3.77;39;2.1;2.03;1.86;1.78
3815;18.08.2018;Tottenham;Fulham;3;1;H;A Taylor;25;10;11;3;9;5;5;2;0;0;0;0;1.28;6;12;1.28;6;10;1.27;6;10;1.25;6;10;1.29;6;12;41;1.31;1.28;6.5;5.88;12.61;10.92;38;1.56;1.51;2.67;2.54
3816;18.08.2018;West Ham;Bournemouth;1;2;A;S Attwell;11;12;5;5;14;10;6;4;6;2;0;0;2.1;3.6;3.7;2.1;3.3;3.75;2.05;3.55;3.55;2.05;3.6;3.4;2.1;3.6;3.7;41;2.15;2.08;3.67;3.53;3.75;3.56;40;1.85;1.78;2.14;2.04
3817;19.08.2018;Brighton;Man United;3;2;H;K Friend;6;9;3;3;16;13;3;5;1;1;0;0;5.5;3.6;1.75;5.5;3.6;1.7;5.1;3.5;1.75;4.8;3.6;1.75;5.5;3.6;1.75;42;5.52;5.19;3.62;3.53;1.84;1.76;39;2.35;2.26;1.7;1.64
3818;19.08.2018;Burnley;Watford;1;3;A;P Tierney;8;9;3;6;8;19;5;2;1;2;0;0;2.45;3.1;3.4;2.4;3.1;3.2;2.4;3.1;3.15;2.38;3;3.25;2.4;3.1;3.5;42;2.5;2.39;3.18;3.04;3.5;3.34;38;2.75;2.59;1.54;1.49
3819;19.08.2018;Man City;Huddersfield;6;1;H;A Marriner;32;5;14;1;9;4;10;3;0;2;0;0;1.1;13;26;1.07;12;31;1.08;10.5;29;1.06;12;29;1.06;13;34;42;1.11;1.09;13;11.35;35;28.36;35;1.39;1.32;3.6;3.32
3820;20.08.2018;Crystal Palace;Liverpool;0;2;A;M Oliver;8;16;2;6;6;13;6;7;1;1;1;0;7;5;1.44;6.75;4.75;1.44;7;4.5;1.45;6;4.75;1.44;7;5;1.45;41;7.35;6.79;5.11;4.83;1.49;1.44;37;1.59;1.55;2.6;2.43
3821;25.08.2018;Arsenal;West Ham;3;1;H;G Scott;17;13;10;5;16;13;10;2;1;3;0;0;1.36;5.5;9;1.36;5.25;7.75;1.4;4.8;7.5;1.36;5;7.5;1.36;5.5;9;41;1.4;1.37;5.72;5.32;9.5;8.1;33;1.5;1.44;2.9;2.73
3822;25.08.2018;Bournemouth;Everton;2;2;D;L Probert;17;11;5;3;12;10;6;2;0;3;1;1;2.62;3.6;2.75;2.6;3.4;2.7;2.55;3.5;2.65;2.5;3.6;2.62;2.6;3.6;2.75;41;2.69;2.59;3.6;3.49;2.81;2.7;38;1.76;1.72;2.25;2.12
3823;25.08.2018;Huddersfield;Cardiff;0;0;D;M Oliver;5;14;1;4;8;10;7;7;0;1;1;0;2.37;3;3.7;2.25;3.1;3.5;2.3;3;3.55;2.3;3.1;3.3;2.38;3.1;3.6;41;2.4;2.32;3.18;3.04;3.7;3.53;38;2.72;2.58;1.55;1.5
3824;25.08.2018;Liverpool;Brighton;1;0;H;C Kavanagh;22;6;8;2;8;14;8;5;1;1;0;0;1.16;8.5;19;1.16;7.5;17.5;1.15;7.9;18;1.15;8;17;1.15;8.5;23;41;1.18;1.16;8.92;8.05;23;18.81;35;1.47;1.41;3;2.85
3825;25.08.2018;Southampton;Leicester;1;2;A;J Moss;11;8;5;5;13;11;10;3;1;1;1;0;2.45;3.2;3.25;2.4;3.2;3.1;2.4;3.15;3.1;2.3;3.3;3.1;2.45;3.25;3.25;41;2.52;2.42;3.35;3.22;3.25;3.12;39;2.4;2.27;1.7;1.63
3826;25.08.2018;Wolves;Man City;1;1;D;M Atkinson;11;18;2;6;13;8;5;9;1;2;0;0;11;6.5;1.28;10;6.75;1.25;11;6.1;1.25;10;6;1.25;13;6.25;1.29;40;13;10.84;6.75;6.18;1.3;1.27;37;1.59;1.54;2.6;2.46
3827;26.08.2018;Fulham;Burnley;4;2;H;D Coote;25;12;12;2;11;8;6;4;2;1;0;0;2;3.4;4.33;2;3.3;4;1.97;3.35;4.1;2;3.25;3.9;2;3.4;4.33;39;2.04;1.98;3.57;3.36;4.5;4.14;36;2.31;2.22;1.72;1.65
3828;26.08.2018;Newcastle;Chelsea;1;2;A;P Tierney;6;15;2;3;16;8;4;5;3;1;0;0;5.75;4;1.66;5.25;3.8;1.67;5;3.75;1.7;5;3.75;1.67;5.5;4;1.67;42;5.75;5.25;4.17;3.9;1.71;1.67;40;1.95;1.88;2.01;1.92
3829;26.08.2018;Watford;Crystal Palace;2;1;H;A Taylor;13;9;5;3;14;11;6;3;4;2;0;0;2.6;3.25;3;2.55;3.1;2.95;2.5;3.2;2.95;2.5;3.3;2.8;2.6;3.3;2.9;42;2.66;2.55;3.36;3.22;3.04;2.92;39;2.21;2.13;1.79;1.71
3830;27.08.2018;Man United;Tottenham;0;3;A;C Pawson;23;9;5;5;11;16;5;2;2;4;0;0;2.62;3.3;2.9;2.55;3.2;2.9;2.6;3.25;2.75;2.5;3.4;2.7;2.6;3.3;2.9;42;2.67;2.56;3.4;3.27;3;2.86;40;2.1;2.03;1.84;1.79
3831;01.09.2018;Brighton;Fulham;2;2;D;L Probert;15;10;5;5;12;14;7;1;3;3;0;0;2.3;3.4;3.4;2.2;3.3;3.4;2.2;3.3;3.4;2.25;3.3;3.2;2.25;3.4;3.5;38;2.3;2.23;3.5;3.37;3.5;3.33;37;2;1.92;1.93;1.88
3832;01.09.2018;Chelsea;Bournemouth;2;0;H;L Mason;24;8;6;1;10;7;7;6;2;2;0;0;1.3;6;11;1.28;6;9.5;1.27;6;10;1.29;5.8;8.5;1.3;6;11;39;1.33;1.29;6.3;5.88;11;9.9;33;1.45;1.42;3;2.82
3833;01.09.2018;Crystal Palace;Southampton;0;2;A;M Atkinson;20;19;6;6;11;12;7;4;1;1;0;0;2;3.5;4.2;1.95;3.4;4.1;2;3.4;3.8;1.95;3.4;4;2;3.4;4.33;37;2;1.95;3.52;3.42;4.5;4.16;35;2.2;2.12;1.8;1.72
3834;01.09.2018;Everton;Huddersfield;1;1;D;S Attwell;11;9;1;6;13;14;4;3;3;3;0;0;1.53;4.2;7.5;1.5;4;7.5;1.6;4;5.5;1.5;3.8;7.5;1.53;4.2;7.5;37;1.6;1.51;4.33;4.1;8.06;7.26;35;2.15;2.07;1.82;1.75
3835;01.09.2018;Leicester;Liverpool;1;2;A;P Tierney;12;10;5;4;9;12;4;4;3;2;0;0;7.5;5;1.44;6.5;4.75;1.45;6.5;4.3;1.5;7;4.75;1.4;7.5;5;1.45;39;8.03;7.32;5.1;4.76;1.5;1.43;37;1.7;1.65;2.33;2.25
3836;01.09.2018;Man City;Newcastle;2;1;H;K Friend;24;3;8;2;5;13;4;0;0;0;0;0;1.11;11;26;1.12;9.5;18.5;1.12;9;20;1.08;10;26;1.11;11;29;38;1.13;1.11;11.34;9.76;32.5;24.64;31;1.4;1.37;3.2;3.03
3837;01.09.2018;West Ham;Wolves;0;1;A;C Kavanagh;13;15;3;6;10;11;4;4;2;1;0;0;2.6;3.4;2.87;2.5;3.3;2.85;2.5;3.3;2.85;2.4;3.5;2.8;2.5;3.5;2.9;39;2.6;2.51;3.5;3.37;3;2.86;38;1.93;1.85;2.01;1.95
3838;02.09.2018;Burnley;Man United;0;2;A;J Moss;9;21;2;9;7;13;2;5;2;3;0;1;6;3.75;1.7;6;3.6;1.65;5;3.75;1.7;5.5;3.7;1.65;6.25;3.8;1.65;38;6.25;5.73;3.9;3.72;1.7;1.67;36;2.21;2.14;1.77;1.7
3839;02.09.2018;Cardiff;Arsenal;2;3;A;A Taylor;14;17;3;11;12;14;3;9;3;4;0;0;6.5;4.33;1.57;6;4;1.57;5.4;3.8;1.65;5.5;4.33;1.53;6.5;4.33;1.55;38;6.6;6;4.54;4.22;1.65;1.56;36;1.81;1.76;2.16;2.07
3840;02.09.2018;Watford;Tottenham;2;1;H;A Marriner;7;11;3;2;9;8;3;10;2;1;0;0;5.5;4.2;1.64;5.5;4.25;1.57;5.3;3.9;1.65;5;4.2;1.62;5.75;4.2;1.62;38;5.75;5.38;4.3;4.13;1.68;1.62;36;1.75;1.7;2.22;2.14
3841;15.09.2018;Bournemouth;Leicester;4;2;H;C Pawson;10;14;5;8;13;15;4;6;3;2;0;1;2.45;3.5;3;2.4;3.4;2.95;2.35;3.4;3;2.38;3.4;2.9;2.45;3.5;3;39;2.51;2.42;3.5;3.41;3.13;2.98;38;1.97;1.88;2.05;1.94
3842;15.09.2018;Chelsea;Cardiff;4;1;H;J Moss;18;6;7;2;8;10;5;4;0;0;0;0;1.18;8;19;1.19;7;15;1.2;6.8;15;1.17;7;15;1.18;7.5;21;39;1.21;1.18;8;7.2;21;17.53;37;1.55;1.51;2.65;2.53
3843;15.09.2018;Huddersfield;Crystal Palace;0;1;A;L Mason;15;7;2;2;11;17;5;3;1;2;0;0;3.3;3.1;2.5;3.1;3.1;2.45;3.2;3.1;2.4;3.1;3;2.45;3.3;3.13;2.5;40;3.3;3.19;3.27;3.11;2.55;2.45;38;2.5;2.36;1.67;1.59
3844;15.09.2018;Man City;Fulham;3;0;H;S Attwell;28;9;9;3;7;7;10;4;0;0;0;0;1.12;10;26;1.13;9;19.5;1.12;9;20;1.12;9;17;1.13;10;26;39;1.14;1.12;11;9.54;29;21.93;36;1.29;1.26;4;3.85
3845;15.09.2018;Newcastle;Arsenal;1;2;A;L Probert;4;12;2;2;13;11;10;4;0;0;0;0;4.2;3.8;1.9;4;3.6;1.91;4;3.6;1.9;3.75;3.7;1.91;4.1;3.75;1.95;39;4.2;4.01;3.9;3.72;1.97;1.91;37;1.76;1.71;2.25;2.14
3846;15.09.2018;Tottenham;Liverpool;1;2;A;M Oliver;11;17;3;10;17;16;5;4;0;0;0;0;3;3.6;2.4;2.95;3.6;2.3;2.95;3.6;2.3;2.88;3.5;2.3;3.1;3.7;2.3;39;3.1;2.97;3.74;3.62;2.4;2.33;37;1.71;1.66;2.45;2.23
3847;15.09.2018;Watford;Man United;1;2;A;M Dean;14;9;5;6;9;11;6;8;2;1;0;1;4.33;3.6;1.95;4.2;3.6;1.87;4.15;3.55;1.9;4;3.4;1.91;4.4;3.6;1.93;40;4.5;4.16;3.65;3.55;2;1.93;39;2.05;1.99;1.9;1.83
3848;16.09.2018;Everton;West Ham;1;3;A;M Atkinson;16;9;4;4;15;12;4;2;2;5;0;0;2;3.75;3.9;2;3.6;3.7;2;3.55;3.6;2.05;3.6;3.4;2.05;3.6;3.75;39;2.12;2.03;3.75;3.58;4.1;3.68;37;1.85;1.79;2.11;2.03
3849;16.09.2018;Wolves;Burnley;1;0;H;A Marriner;30;7;7;2;10;9;8;2;2;4;0;0;1.75;3.6;5.75;1.7;3.6;5.5;1.8;3.5;4.7;1.75;3.5;4.8;1.75;3.6;5.75;39;1.8;1.74;3.72;3.55;6;5.42;37;2.4;2.28;1.69;1.63
3850;17.09.2018;Southampton;Brighton;2;2;D;A Taylor;14;12;5;4;10;13;1;4;2;3;0;0;2.1;3.4;3.9;2.1;3.3;3.75;2.1;3.25;3.75;2.05;3.2;3.75;2.15;3.25;3.9;38;2.22;2.12;3.42;3.28;4;3.75;36;2.4;2.27;1.7;1.63
3851;22.09.2018;Brighton;Tottenham;1;2;A;C Kavanagh;8;16;4;7;15;9;5;7;2;1;0;0;5;4;1.75;4.75;3.7;1.75;4.8;3.9;1.7;4.4;3.8;1.75;5;3.9;1.75;40;5;4.76;4;3.81;1.8;1.75;39;1.85;1.8;2.1;2.02
3852;22.09.2018;Burnley;Bournemouth;4;0;H;A Taylor;12;19;5;5;17;6;3;8;2;0;0;0;3;3.4;2.5;2.8;3.25;2.6;2.8;3.3;2.55;2.8;3.3;2.5;2.9;3.4;2.6;40;3;2.87;3.42;3.32;2.62;2.55;39;2.1;2.02;1.86;1.8
3853;22.09.2018;Cardiff;Man City;0;5;A;M Oliver;2;21;2;10;6;4;1;9;1;1;0;0;23;8;1.16;17.5;8;1.15;15;6.5;1.2;17;7.5;1.15;20;8.5;1.17;40;23;18.84;9;7.85;1.2;1.16;32;1.5;1.45;2.88;2.7
3854;22.09.2018;Crystal Palace;Newcastle;0;0;D;A Marriner;16;6;4;3;8;11;9;5;1;1;0;0;2.14;3.4;3.75;2.15;3.3;3.6;2;3.4;3.8;2.1;3.3;3.5;2.15;3.4;3.75;40;2.24;2.14;3.4;3.32;3.8;3.68;39;2.2;2.11;1.78;1.73
3855;22.09.2018;Fulham;Watford;1;1;D;M Atkinson;15;11;3;6;11;9;8;8;2;1;0;0;2.54;3.5;2.9;2.35;3.4;3;2.6;3.3;2.7;2.5;3.4;2.75;2.45;3.5;3;40;2.6;2.46;3.55;3.43;3;2.9;39;1.81;1.76;2.14;2.06
3856;22.09.2018;Leicester;Huddersfield;3;1;H;D Coote;18;9;8;2;10;16;3;1;2;1;0;0;1.61;4;6.5;1.57;3.9;6.25;1.67;3.9;5;1.6;3.75;6;1.62;3.8;7;40;1.67;1.61;4;3.82;7;6.35;39;2.3;2.18;1.75;1.68
3857;22.09.2018;Liverpool;Southampton;3;0;H;P Tierney;12;7;4;1;7;10;5;4;0;2;0;0;1.2;7.5;17;1.2;6.75;14;1.2;6.5;15;1.18;7;15;1.2;7.5;17;40;1.22;1.2;7.75;7.06;19;15.75;32;1.54;1.49;2.75;2.59
3858;22.09.2018;Man United;Wolves;1;1;D;K Friend;15;11;6;8;5;17;5;4;1;1;0;0;1.57;4.33;6.5;1.55;4.1;6.25;1.55;4;6.2;1.57;4.2;5.5;1.6;4.1;6.5;40;1.6;1.57;4.33;4.12;6.6;6.09;39;1.91;1.85;2.02;1.95
3859;23.09.2018;Arsenal;Everton;2;0;H;J Moss;9;9;5;6;17;12;5;9;2;1;0;0;1.44;5;7.5;1.48;4.6;6.5;1.45;4.5;7;1.47;4.75;6;1.45;5;7;39;1.49;1.46;5.05;4.83;7.5;6.54;31;1.49;1.44;2.88;2.75
3860;23.09.2018;West Ham;Chelsea;0;0;D;M Dean;6;17;1;6;11;9;1;8;2;1;0;0;6;4.5;1.57;5.75;4.25;1.55;6.1;4.2;1.53;5;4.2;1.6;6;4.5;1.57;40;6.5;5.61;4.5;4.33;1.64;1.58;38;1.63;1.58;2.5;2.37
3861;29.09.2018;Arsenal;Watford;2;0;H;A Taylor;9;13;2;4;11;17;6;6;2;2;0;0;1.44;5.1;7;1.45;4.75;6.5;1.45;4.5;7;1.44;5;6;1.5;4.8;6.5;40;1.51;1.47;5.1;4.77;7.5;6.41;32;1.5;1.44;2.9;2.73
3862;29.09.2018;Chelsea;Liverpool;1;1;D;A Marriner;10;13;4;6;7;9;4;4;0;2;0;0;2.8;3.6;2.54;2.85;3.5;2.4;2.85;3.3;2.5;2.8;3.5;2.45;2.8;3.6;2.55;40;2.92;2.81;3.65;3.52;2.62;2.49;38;1.7;1.64;2.35;2.25
3863;29.09.2018;Everton;Fulham;3;0;H;R East;19;6;6;0;13;13;12;1;0;3;0;0;1.75;4.2;4.75;1.75;4;4.33;1.8;3.7;4.4;1.75;4;4.33;1.75;4.1;4.75;38;1.8;1.74;4.2;3.99;4.82;4.58;36;1.65;1.61;2.41;2.31
3864;29.09.2018;Huddersfield;Tottenham;0;2;A;C Pawson;9;10;5;6;17;16;3;0;2;2;0;0;8.5;4.5;1.44;7.5;4.5;1.44;6.6;4.25;1.5;7;4.4;1.47;8.5;4.5;1.45;40;8.5;7.61;5;4.48;1.5;1.46;39;1.85;1.79;2.13;2.03
3865;29.09.2018;Man City;Brighton;2;0;H;L Mason;28;4;8;1;4;10;10;3;0;3;0;0;1.1;12;34;1.08;11;29;1.1;9.1;28;1.07;12;29;1.1;12;31;40;1.12;1.09;12.87;11.16;34.25;27.87;34;1.35;1.3;3.65;3.44
3866;29.09.2018;Newcastle;Leicester;0;2;A;S Hooper;6;12;1;5;11;5;5;9;0;0;0;0;2.6;3.3;3;2.55;3.25;2.85;2.6;3.3;2.75;2.55;3.2;2.9;2.6;3.25;3;40;2.65;2.56;3.3;3.22;3.05;2.93;39;2.3;2.2;1.72;1.68
3867;29.09.2018;West Ham;Man United;3;1;H;M Oliver;8;9;3;4;12;12;4;9;0;1;0;0;4.5;3.8;1.85;4.1;3.75;1.85;4.3;3.6;1.85;4.2;3.7;1.85;4.6;3.8;1.83;39;4.6;4.41;3.87;3.71;1.89;1.84;38;1.86;1.82;2.08;2
3868;29.09.2018;Wolves;Southampton;2;0;H;S Attwell;14;17;6;6;11;7;8;6;3;1;0;0;1.8;3.6;5.25;1.8;3.5;4.75;1.9;3.5;4.1;1.85;3.5;4.5;1.85;3.5;5;40;1.9;1.82;3.75;3.54;5.25;4.79;39;2.21;2.13;1.8;1.72
3869;30.09.2018;Cardiff;Burnley;1;2;A;M Atkinson;19;3;5;2;11;15;10;2;1;3;0;0;2.62;3;3.2;2.55;3;3.1;2.55;3.05;3.05;2.55;3.1;3;2.6;3.1;3.13;40;2.64;2.56;3.15;3.06;3.2;3.09;38;2.6;2.43;1.63;1.55
3870;01.10.2018;Bournemouth;Crystal Palace;2;1;H;M Dean;11;10;5;2;9;12;3;3;3;4;0;0;2.25;3.5;3.4;2.25;3.4;3.2;2.2;3.45;3.2;2.25;3.4;3.2;2.25;3.5;3.3;39;2.37;2.25;3.55;3.43;3.4;3.24;38;1.82;1.77;2.15;2.04
3871;05.10.2018;Brighton;West Ham;1;0;H;K Friend;9;17;4;4;12;8;2;9;3;2;0;0;2.7;3.3;2.87;2.6;3.25;2.8;2.65;3.3;2.65;2.62;3.2;2.8;2.7;3.3;2.88;36;2.75;2.67;3.35;3.26;2.9;2.8;35;2.1;2.05;1.83;1.78
3872;06.10.2018;Burnley;Huddersfield;1;1;D;C Kavanagh;6;19;3;2;8;11;1;10;2;2;0;0;2.14;3.1;4.2;2.05;3.1;4.1;2.1;3.05;4.05;2.15;3;4;2.15;3.1;4.2;36;2.18;2.12;3.2;3.06;4.35;4.11;34;2.71;2.55;1.56;1.51
3873;06.10.2018;Crystal Palace;Wolves;0;1;A;M Oliver;11;7;4;2;11;13;6;3;3;4;0;0;3;3.2;2.62;2.8;3.2;2.65;2.9;3.1;2.6;2.9;3.2;2.55;3;3.25;2.6;35;3.03;2.92;3.25;3.18;2.75;2.6;34;2.35;2.23;1.7;1.65
3874;06.10.2018;Leicester;Everton;1;2;A;A Marriner;8;17;2;8;10;11;2;10;2;1;1;0;2.2;3.4;3.6;2.2;3.4;3.3;2.15;3.45;3.4;2.2;3.4;3.3;2.2;3.4;3.6;35;2.28;2.19;3.55;3.4;3.6;3.44;34;1.95;1.89;2;1.92
3875;06.10.2018;Man United;Newcastle;3;2;H;A Taylor;18;13;10;8;16;8;10;6;2;2;0;0;1.44;4.5;9;1.44;4.5;7.5;1.5;4.3;6.5;1.47;4.4;7;1.45;4.5;8.5;36;1.5;1.45;4.6;4.44;9;7.86;35;1.97;1.89;2;1.92
3876;06.10.2018;Tottenham;Cardiff;1;0;H;M Dean;19;8;7;6;7;11;6;2;2;1;0;1;1.22;7;15;1.22;6.5;12.5;1.22;6.5;13;1.25;6;11;1.25;6.5;15;36;1.26;1.23;7.5;6.51;16;13.14;32;1.5;1.45;2.8;2.69
3877;06.10.2018;Watford;Bournemouth;0;4;A;J Moss;14;10;2;7;11;9;10;7;3;1;1;0;2.14;3.6;3.5;2.1;3.6;3.4;2.1;3.55;3.4;2.15;3.5;3.3;2.15;3.6;3.5;36;2.16;2.13;3.7;3.55;3.68;3.45;35;1.81;1.77;2.15;2.06
3878;07.10.2018;Fulham;Arsenal;1;5;A;P Tierney;21;9;4;7;11;12;4;2;2;0;0;0;5.25;4.33;1.66;5;4.33;1.62;4.6;4.35;1.65;4.4;4.2;1.7;5;4.4;1.67;34;5.25;4.85;4.5;4.31;1.71;1.66;29;1.46;1.42;3;2.8
3879;07.10.2018;Liverpool;Man City;0;0;D;M Atkinson;7;6;2;2;10;10;2;6;1;3;0;0;2.54;3.6;2.8;2.5;3.6;2.7;2.5;3.3;2.85;2.5;3.5;2.75;2.55;3.6;2.8;35;2.63;2.52;3.7;3.54;2.88;2.77;33;1.67;1.62;2.4;2.29
3880;07.10.2018;Southampton;Chelsea;0;3;A;C Pawson;15;21;6;6;13;11;4;12;6;0;0;0;6;4.1;1.61;6;3.9;1.6;5.3;3.9;1.65;5.5;4;1.62;6;4.2;1.6;36;6.19;5.75;4.3;4.07;1.65;1.61;35;1.85;1.79;2.1;2.03
3881;20.10.2018;Bournemouth;Southampton;0;0;D;L Probert;10;8;2;4;10;14;6;4;1;2;0;0;2.04;3.7;3.75;2;3.5;3.75;2;3.55;3.6;2;3.6;3.6;2;3.7;3.9;38;2.1;2.03;3.75;3.58;3.9;3.69;36;1.85;1.79;2.15;2.03
3882;20.10.2018;Cardiff;Fulham;4;2;H;K Friend;22;9;5;4;15;16;4;4;3;3;0;0;2.5;3.5;2.95;2.45;3.4;2.9;2.4;3.45;2.85;2.4;3.4;2.88;2.5;3.5;2.9;39;2.55;2.46;3.53;3.42;3.1;2.91;37;1.86;1.82;2.1;2
3883;20.10.2018;Chelsea;Man United;2;2;D;M Dean;21;7;6;4;9;17;5;3;2;5;0;0;1.75;3.8;5.25;1.72;3.7;5;1.7;3.85;4.8;1.73;3.8;4.6;1.73;3.9;5.25;38;1.77;1.73;4.15;3.86;5.26;4.94;36;1.83;1.78;2.15;2.04
3884;20.10.2018;Huddersfield;Liverpool;0;1;A;M Oliver;13;11;1;2;9;6;2;4;0;2;0;0;11;5.5;1.33;11;5.25;1.3;10;5.3;1.3;11;5;1.32;13;5.5;1.3;38;13;11.1;5.5;5.18;1.35;1.31;36;1.9;1.82;2.15;2
3885;20.10.2018;Man City;Burnley;5;0;H;J Moss;24;5;10;0;11;5;10;1;2;2;0;0;1.08;13;34;1.07;12.5;26;1.1;9.2;27;1.06;13;26;1.05;13;31;38;1.1;1.08;15;12.2;41;30.98;31;1.3;1.28;3.95;3.66
3886;20.10.2018;Newcastle;Brighton;0;1;A;A Marriner;27;8;6;2;13;17;10;2;0;2;0;0;2.2;3.25;3.8;2.2;3.2;3.5;2.15;3.1;3.75;2.15;3.2;3.7;2.2;3.2;3.9;38;2.27;2.19;3.25;3.16;3.9;3.71;35;2.58;2.45;1.6;1.55
3887;20.10.2018;West Ham;Tottenham;0;1;A;M Atkinson;13;10;4;2;8;10;10;6;3;0;0;0;4.1;3.9;1.9;4.2;3.7;1.85;3.9;3.7;1.9;3.8;3.8;1.91;4.1;3.9;1.91;37;4.3;4.02;3.95;3.8;1.95;1.89;35;1.7;1.64;2.4;2.26
3888;20.10.2018;Wolves;Watford;0;2;A;L Mason;10;9;1;3;23;13;8;2;3;1;0;0;1.75;3.75;5.25;1.72;3.6;5.25;1.7;3.65;5.2;1.73;3.6;5;1.75;3.75;5.4;38;1.8;1.74;3.75;3.63;5.5;5.18;36;2.13;2.04;1.87;1.78
3889;21.10.2018;Everton;Crystal Palace;2;0;H;A Taylor;20;7;4;3;13;17;10;5;2;1;0;0;1.85;3.6;4.75;1.85;3.5;4.5;1.83;3.55;4.45;1.88;3.5;4.33;1.85;3.6;4.75;38;1.93;1.86;3.7;3.56;4.81;4.49;36;2.05;1.98;1.9;1.83
3890;22.10.2018;Arsenal;Leicester;3;1;H;C Kavanagh;19;8;6;2;10;10;6;4;2;2;0;0;1.53;4.5;6.5;1.5;4.33;6.5;1.53;4.5;5.6;1.53;4.33;5.8;1.53;4.6;6.25;38;1.58;1.53;4.75;4.45;6.75;5.99;29;1.5;1.47;2.75;2.62
3891;27.10.2018;Brighton;Wolves;1;0;H;A Taylor;2;25;1;7;11;8;1;10;3;0;0;0;3.2;3.2;2.5;3.1;3.1;2.45;3.1;3.1;2.45;3.2;3;2.4;3.3;3.2;2.45;38;3.3;3.15;3.25;3.13;2.58;2.46;34;2.55;2.38;1.63;1.58
3892;27.10.2018;Fulham;Bournemouth;0;3;A;A Marriner;11;12;1;5;16;3;5;5;2;1;1;0;2.9;3.75;2.4;2.7;3.75;2.4;2.8;3.4;2.5;2.75;3.7;2.4;2.88;3.8;2.4;38;2.95;2.85;3.85;3.69;2.5;2.38;33;1.56;1.53;2.65;2.48
3893;27.10.2018;Leicester;West Ham;1;1;D;M Oliver;21;11;7;3;17;5;8;0;1;1;0;1;2.1;3.5;3.8;2.1;3.4;3.6;2.05;3.4;3.65;2.15;3.4;3.5;2.1;3.5;3.8;38;2.22;2.11;3.55;3.4;3.8;3.64;34;2.05;1.97;1.91;1.84
3894;27.10.2018;Liverpool;Cardiff;4;1;H;S Attwell;19;2;7;1;6;4;8;0;0;0;0;0;1.11;11;26;1.1;10;23;1.12;9;20;1.08;11;29;1.11;11;29;38;1.13;1.11;11.45;10.13;31;26.13;34;1.4;1.36;3.25;3.09
3895;27.10.2018;Southampton;Newcastle;0;0;D;C Kavanagh;22;6;4;0;9;12;7;2;0;1;0;0;2.1;3.4;3.9;2.1;3.25;3.75;2.1;3.2;3.8;2.15;3.25;3.6;2.15;3.25;4;38;2.19;2.11;3.4;3.27;4;3.8;34;2.45;2.31;1.66;1.61
3896;27.10.2018;Watford;Huddersfield;3;0;H;M Dean;12;13;6;7;9;13;3;3;1;2;0;0;1.75;3.75;5.25;1.72;3.7;5;1.75;3.6;4.9;1.75;3.6;5;1.8;3.5;5.4;38;1.8;1.75;3.8;3.65;5.5;5.1;34;2.25;2.18;1.75;1.69
3897;28.10.2018;Burnley;Chelsea;0;4;A;C Pawson;7;24;1;8;14;10;4;4;4;2;0;0;11;5;1.36;11;4.75;1.33;7.6;4.8;1.4;9.5;4.75;1.36;11.5;5;1.33;37;11.5;10.06;5.1;4.84;1.4;1.36;35;1.85;1.79;2.1;2.02
3898;28.10.2018;Crystal Palace;Arsenal;2;2;D;M Atkinson;16;7;3;2;10;16;6;4;1;2;0;0;4.75;4.1;1.75;4.33;3.9;1.78;4.4;3.7;1.8;4.2;4.2;1.75;4.75;4.1;1.73;38;4.75;4.39;4.26;4.07;1.8;1.76;33;1.65;1.6;2.45;2.33
3899;28.10.2018;Man United;Everton;2;1;H;J Moss;14;14;10;6;15;12;8;4;2;1;0;0;1.72;3.9;5.25;1.67;3.8;5.25;1.7;3.75;5;1.75;3.8;4.6;1.73;3.9;5.2;38;1.78;1.73;4;3.8;5.32;4.93;34;1.87;1.81;2.1;2.01
3900;29.10.2018;Tottenham;Man City;0;1;A;K Friend;4;13;1;6;13;13;3;6;2;2;0;0;4.75;4.1;1.75;4.33;4.1;1.75;4.3;3.8;1.8;4.4;4.2;1.73;4.8;4.1;1.73;38;4.8;4.51;4.35;4.1;1.8;1.72;32;1.62;1.58;2.55;2.36
3901;03.11.2018;Arsenal;Liverpool;1;1;D;A Marriner;12;13;4;4;7;7;5;8;1;1;0;0;3.9;3.9;1.95;3.5;3.75;2;3.2;3.5;2.2;3.6;3.7;2;3.8;3.8;2;37;3.92;3.67;3.96;3.77;2.2;1.98;35;1.57;1.53;2.7;2.52
3902;03.11.2018;Bournemouth;Man United;1;2;A;P Tierney;18;18;7;8;12;12;9;5;4;3;0;0;3.6;3.7;2.1;3.6;3.5;2.05;3.5;3.4;2.1;3.4;3.5;2.1;3.6;3.6;2.15;38;3.62;3.54;3.7;3.57;2.15;2.1;36;1.76;1.71;2.27;2.14
3903;03.11.2018;Cardiff;Leicester;0;1;A;L Probert;11;13;2;5;13;12;6;12;2;2;0;0;3.8;3.4;2.14;3.6;3.3;2.15;3.4;3.2;2.25;3.6;3.3;2.15;3.8;3.3;2.15;38;3.85;3.65;3.45;3.31;2.25;2.15;36;2.2;2.1;1.8;1.74
3904;03.11.2018;Everton;Brighton;3;1;H;D Coote;14;5;3;3;9;17;6;4;0;1;0;0;1.61;4;6.5;1.57;3.9;6.25;1.7;3.8;5;1.6;3.9;6;1.62;3.9;6.5;38;1.7;1.59;4.15;3.94;7.01;6.28;36;2.05;1.96;1.91;1.86
3905;03.11.2018;Newcastle;Watford;1;0;H;C Pawson;10;16;2;1;12;11;8;9;1;5;0;0;2.75;3.25;2.8;2.65;3.2;2.75;2.7;3.15;2.75;2.62;3.25;2.75;2.75;3.2;2.8;38;2.81;2.69;3.3;3.19;2.9;2.79;36;2.35;2.23;1.7;1.66
3906;03.11.2018;West Ham;Burnley;4;2;H;R East;22;6;10;3;7;9;10;4;1;4;0;0;1.75;3.75;5.25;1.75;3.6;5;1.8;3.6;4.5;1.75;3.7;4.8;1.75;3.7;5.4;38;1.8;1.74;3.85;3.68;5.5;5.1;36;2.1;2.01;1.88;1.81
3907;03.11.2018;Wolves;Tottenham;2;3;A;M Dean;16;10;7;8;11;8;5;1;1;2;0;0;3.1;3.4;2.45;3;3.3;2.4;3.15;3.3;2.3;2.9;3.3;2.5;3;3.4;2.5;38;3.28;3.05;3.43;3.33;2.5;2.41;32;2.03;1.95;1.91;1.86
3908;04.11.2018;Chelsea;Crystal Palace;3;1;H;M Oliver;15;7;6;2;6;13;4;2;0;1;0;0;1.25;6.75;13;1.26;6;11.5;1.25;6.1;11;1.29;6;9.5;1.29;6;12;38;1.3;1.27;6.75;6.07;13;11.34;32;1.55;1.51;2.7;2.53
3909;04.11.2018;Man City;Southampton;6;1;H;L Mason;18;12;8;6;14;9;4;4;1;1;0;0;1.11;11;29;1.11;9.75;21;1.12;9;20;1.11;10;21;1.1;11;34;37;1.14;1.11;11;9.93;34;24.64;31;1.35;1.3;3.75;3.45
3910;05.11.2018;Huddersfield;Fulham;1;0;H;A Taylor;10;7;2;1;11;8;5;4;1;2;0;0;2.3;3.5;3.3;2.25;3.3;3.3;2.25;3.35;3.2;2.3;3.4;3.1;2.3;3.4;3.3;36;2.4;2.28;3.5;3.35;3.45;3.25;34;2.04;1.95;1.92;1.86
3911;10.11.2018;Cardiff;Brighton;2;1;H;M Atkinson;20;7;6;3;7;21;4;1;2;1;0;1;2.6;3.1;3.1;2.5;3.1;3.1;2.65;3.2;2.75;2.55;3.1;3;2.6;3.13;3.13;37;2.65;2.56;3.2;3.11;3.2;3.05;34;2.6;2.45;1.6;1.55
3912;10.11.2018;Crystal Palace;Tottenham;0;1;A;J Moss;11;11;4;2;12;9;10;6;1;1;0;0;4.5;3.75;1.85;4.5;3.7;1.8;4.5;3.6;1.8;4.33;3.6;1.83;4.4;3.75;1.87;38;4.5;4.34;3.8;3.67;1.92;1.86;36;1.8;1.75;2.16;2.09
3913;10.11.2018;Huddersfield;West Ham;1;1;D;C Kavanagh;15;12;7;5;9;8;5;6;1;1;0;0;3.4;3.25;2.35;3.4;3.2;2.25;3.2;3.3;2.3;3.3;3.2;2.3;3.5;3.2;2.38;38;3.5;3.39;3.33;3.21;2.38;2.3;36;2.35;2.25;1.7;1.64
3914;10.11.2018;Leicester;Burnley;0;0;D;M Dean;22;6;5;1;13;10;12;1;2;0;0;0;1.5;4.33;8;1.48;4.33;7;1.53;4.2;6.1;1.52;4.2;6.5;1.53;4.3;7;38;1.53;1.49;4.5;4.28;8;7.24;36;1.92;1.86;2.04;1.95
3915;10.11.2018;Newcastle;Bournemouth;2;1;H;L Probert;18;14;6;4;9;11;7;10;2;1;0;0;2.9;3.4;2.6;2.75;3.3;2.6;2.7;3.3;2.6;2.75;3.4;2.55;2.9;3.3;2.63;38;2.94;2.81;3.45;3.33;2.68;2.59;36;2.1;2;1.9;1.82
3916;10.11.2018;Southampton;Watford;1;1;D;S Hooper;14;12;4;6;13;13;7;6;3;2;0;0;2.5;3.3;3.1;2.4;3.3;3;2.4;3.3;2.95;2.5;3.25;2.9;2.5;3.3;3.1;38;2.58;2.47;3.4;3.28;3.11;3;36;2.18;2.06;1.85;1.77
3917;11.11.2018;Arsenal;Wolves;1;1;D;S Attwell;10;12;3;5;9;16;11;2;2;2;0;0;1.66;4.2;5.25;1.6;4.1;5.5;1.55;4;6.2;1.65;4.2;4.75;1.67;4.2;5.25;38;1.7;1.65;4.4;4.11;6.2;5.19;35;1.68;1.62;2.4;2.28
3918;11.11.2018;Chelsea;Everton;0;0;D;K Friend;15;6;4;1;7;11;5;5;4;3;0;0;1.4;5.25;8.5;1.4;4.75;8;1.45;4.5;7;1.44;5;6.5;1.4;5;8;38;1.46;1.42;5.25;4.89;8.5;7.45;32;1.6;1.55;2.55;2.43
3919;11.11.2018;Liverpool;Fulham;2;0;H;P Tierney;20;8;7;3;11;9;6;3;1;1;0;0;1.11;11;26;1.11;9.5;23;1.12;9;20;1.1;11;21;1.11;11;31;38;1.13;1.11;12;10.48;31;23.87;32;1.29;1.24;4.33;3.96
3920;11.11.2018;Man City;Man United;3;1;H;A Taylor;17;6;5;1;12;12;5;1;1;1;0;0;1.4;5.25;8.5;1.4;5;7.5;1.45;4.8;6.4;1.38;5;7.5;1.36;5.25;9;38;1.45;1.39;5.5;5.14;9;7.77;32;1.51;1.48;2.8;2.64
3921;24.11.2018;Brighton;Leicester;1;1;D;C Kavanagh;14;8;3;3;10;7;6;1;3;1;0;1;2.9;3.4;2.6;2.85;3.2;2.6;2.8;3.15;2.65;2.8;3.2;2.62;2.88;3.2;2.75;38;3;2.87;3.4;3.18;2.75;2.63;36;2.41;2.28;1.67;1.63
3922;24.11.2018;Everton;Cardiff;1;0;H;P Tierney;16;7;8;1;12;13;7;3;0;3;0;0;1.4;5;9;1.4;4.75;7.75;1.45;4.5;7;1.42;4.75;7.5;1.4;4.8;9;38;1.45;1.42;5;4.66;9;8.12;36;1.87;1.8;2.1;2.02
3923;24.11.2018;Fulham;Southampton;3;2;H;M Oliver;10;19;5;8;10;6;2;5;2;3;0;0;2.62;3.5;2.8;2.55;3.4;2.75;2.6;3.35;2.7;2.6;3.4;2.7;2.63;3.5;2.8;38;2.72;2.61;3.5;3.35;2.9;2.77;36;1.95;1.89;2;1.91
3924;24.11.2018;Man United;Crystal Palace;0;0;D;L Mason;12;13;5;2;13;12;10;3;1;2;0;0;1.4;5.25;8;1.4;4.75;8;1.4;4.8;7.6;1.4;4.75;8;1.4;4.8;9;38;1.44;1.4;5.25;4.81;9;8.13;36;1.8;1.76;2.17;2.07
3925;24.11.2018;Tottenham;Chelsea;3;1;H;M Atkinson;18;13;9;2;19;12;4;4;0;3;0;0;2.8;3.5;2.6;2.7;3.5;2.55;2.75;3.4;2.55;2.8;3.4;2.5;2.88;3.5;2.55;38;2.88;2.78;3.55;3.42;2.65;2.56;36;1.8;1.74;2.18;2.09
3926;24.11.2018;Watford;Liverpool;0;3;A;J Moss;5;10;1;7;12;13;5;5;0;0;0;1;6.5;4.33;1.55;6;4.2;1.55;5.8;4.1;1.57;5.5;4.33;1.57;6.25;4.4;1.57;38;6.6;6.03;4.5;4.28;1.6;1.55;36;1.72;1.65;2.33;2.23
3927;24.11.2018;West Ham;Man City;0;4;A;A Marriner;9;9;1;6;6;3;8;1;0;0;0;0;13;6.5;1.25;10.5;6.25;1.26;10;6;1.27;10;6.5;1.25;13;6.5;1.25;38;13;11.55;6.75;6.3;1.27;1.25;33;1.46;1.43;3;2.78
3928;25.11.2018;Bournemouth;Arsenal;1;2;A;C Pawson;11;20;5;4;6;9;5;8;2;1;0;0;3.5;3.75;1.95;3.5;3.75;2;3.7;3.5;2;3.5;3.8;2;3.5;3.9;2.05;38;3.7;3.5;4;3.77;2.11;2.03;33;1.55;1.49;2.75;2.59
3929;25.11.2018;Wolves;Huddersfield;0;2;A;K Friend;12;14;3;6;9;8;3;5;1;2;0;0;1.5;4.33;8;1.5;4;7.5;1.53;4.1;6.3;1.47;4;8;1.5;4.1;8.5;38;1.53;1.49;4.33;4.08;8.5;7.75;36;2.38;2.27;1.7;1.63
3930;26.11.2018;Burnley;Newcastle;1;2;A;A Taylor;14;17;4;3;6;11;5;5;0;1;0;0;2.9;3.2;2.75;2.8;3.1;2.7;2.8;3.05;2.7;2.8;3.1;2.7;2.88;3.2;2.7;38;2.93;2.84;3.2;3.1;2.85;2.7;35;2.42;2.31;1.66;1.61
3931;30.11.2018;Cardiff;Wolves;2;1;H;A Marriner;17;15;3;4;3;12;7;6;1;2;0;0;3.8;3.25;2.2;3.5;3.2;2.2;3.3;3.3;2.25;3.75;3.25;2.2;3.8;3.2;2.25;38;3.8;3.64;3.32;3.2;2.31;2.21;35;2.49;2.38;1.63;1.59
3932;01.12.2018;Crystal Palace;Burnley;2;0;H;L Probert;29;4;9;0;9;10;10;2;1;1;0;0;1.61;3.9;6.5;1.62;3.75;6;1.67;3.8;5.2;1.6;3.75;6.5;1.62;3.9;6.5;38;1.67;1.62;4;3.82;6.66;6.21;35;2.15;2.08;1.8;1.75
3933;01.12.2018;Huddersfield;Brighton;1;2;A;M Oliver;7;14;2;6;10;12;2;6;0;2;1;0;2.5;3;3.4;2.35;3;3.4;2.45;2.95;3.3;2.45;3;3.25;2.55;3;3.4;38;2.56;2.47;3.06;2.97;3.46;3.31;34;2.9;2.74;1.5;1.45
3934;01.12.2018;Leicester;Watford;2;0;H;G Scott;7;8;3;0;7;6;4;8;2;1;0;1;2.25;3.3;3.6;2.2;3.3;3.4;2.25;3.3;3.3;2.25;3.25;3.4;2.3;3.3;3.4;38;2.32;2.25;3.41;3.3;3.6;3.4;35;2.1;1.98;1.9;1.83
3935;01.12.2018;Man City;Bournemouth;3;1;H;S Attwell;16;4;6;1;9;3;8;4;0;0;0;0;1.11;11;26;1.1;10;23;1.12;9;20;1.1;10;23;1.13;10.5;23;38;1.14;1.11;11.25;10.11;26;22.4;32;1.3;1.25;4.15;3.86
3936;01.12.2018;Newcastle;West Ham;0;3;A;P Tierney;16;7;4;4;10;10;7;3;3;3;0;0;2.5;3.3;3.1;2.45;3.25;3;2.45;3.2;3;2.45;3.25;3;2.5;3.3;3.13;38;2.58;2.47;3.38;3.25;3.13;3.03;35;2.25;2.15;1.76;1.7
3937;01.12.2018;Southampton;Man United;2;2;D;K Friend;16;11;6;5;12;13;3;5;4;4;0;0;4.33;3.6;1.95;4.2;3.6;1.87;3.9;3.5;1.95;4.2;3.5;1.91;4.3;3.6;1.95;38;4.5;4.2;3.65;3.53;2;1.92;35;1.95;1.89;2;1.92
3938;02.12.2018;Arsenal;Tottenham;4;2;H;M Dean;22;11;7;6;15;17;8;5;3;3;0;1;2.62;3.6;2.75;2.5;3.6;2.7;2.65;3.4;2.65;2.55;3.5;2.62;2.55;3.6;2.75;38;2.65;2.56;3.75;3.57;2.75;2.69;33;1.61;1.56;2.57;2.41
3939;02.12.2018;Chelsea;Fulham;2;0;H;C Pawson;16;9;9;4;8;17;4;6;2;1;0;0;1.18;8;17;1.16;8;16;1.2;6.5;15;1.17;7.5;17;1.18;8;15;38;1.21;1.18;8.5;7.65;19;15.63;32;1.4;1.35;3.4;3.18
3940;02.12.2018;Liverpool;Everton;1;0;H;C Kavanagh;16;9;3;3;12;7;8;1;3;2;0;0;1.4;5;9;1.36;5;8.5;1.4;4.9;7.5;1.36;5;8.5;1.4;5;9;38;1.42;1.39;5.25;4.94;9;8.28;34;1.7;1.62;2.45;2.29
3941;04.12.2018;Bournemouth;Huddersfield;2;1;H;R East;6;23;2;6;14;11;4;8;4;2;0;0;1.66;3.8;6;1.65;3.8;5.5;1.8;3.6;4.5;1.67;3.7;5.5;1.7;3.8;5.75;38;1.8;1.69;3.95;3.77;6.02;5.45;35;2.01;1.92;1.96;1.89
3942;04.12.2018;Brighton;Crystal Palace;3;1;H;K Friend;9;18;3;5;14;12;4;5;2;3;1;0;3;3.1;2.7;2.85;3;2.75;2.7;3.2;2.7;2.9;3.1;2.62;3;3.1;2.75;38;3.01;2.9;3.2;3.06;2.85;2.72;34;2.55;2.45;1.6;1.55
3943;04.12.2018;Watford;Man City;1;2;A;P Tierney;11;15;7;7;4;8;3;11;0;1;0;0;11;6;1.3;10.5;5.75;1.28;9.6;5.5;1.3;10;5.5;1.29;12;6;1.3;38;12;10.09;6.25;5.8;1.33;1.3;33;1.55;1.5;2.72;2.58
3944;04.12.2018;West Ham;Cardiff;3;1;H;G Scott;17;9;11;5;10;10;10;4;1;2;0;0;1.66;4;5.75;1.6;4;5.75;1.65;3.95;5.2;1.62;3.9;5.8;1.67;4;5.75;36;1.71;1.65;4.1;3.95;6;5.55;33;1.85;1.79;2.11;2.04
3945;05.12.2018;Burnley;Liverpool;1;3;A;S Attwell;10;18;6;12;10;3;5;9;1;0;0;0;14;5.75;1.28;11.5;5.75;1.26;11;5.8;1.27;12;5.5;1.27;13;5.75;1.3;38;14;11.64;6.25;5.7;1.3;1.28;34;1.68;1.62;2.4;2.28
3946;05.12.2018;Everton;Newcastle;1;1;D;L Mason;19;8;3;5;7;18;14;2;0;5;0;0;1.6;4;6.5;1.57;3.8;6.5;1.65;3.8;5.4;1.57;3.8;6.5;1.6;4;7;38;1.65;1.58;4.1;3.9;7;6.4;35;2.01;1.95;1.91;1.86
3947;05.12.2018;Fulham;Leicester;1;1;D;D Coote;25;13;7;5;12;7;10;8;0;0;0;0;3;3.5;2.45;3;3.4;2.35;2.95;3.45;2.35;2.9;3.4;2.4;3;3.5;2.5;38;3.06;2.97;3.6;3.43;2.52;2.41;35;1.85;1.79;2.1;2.03
3948;05.12.2018;Man United;Arsenal;2;2;D;A Marriner;10;9;7;4;13;10;4;4;3;3;0;0;2.45;3.5;3;2.3;3.6;2.95;2.4;3.3;2.95;2.38;3.5;2.9;2.45;3.5;2.9;38;2.52;2.4;3.6;3.48;3.05;2.93;35;1.65;1.62;2.42;2.3
3949;05.12.2018;Tottenham;Southampton;3;1;H;A Taylor;13;18;8;5;7;5;8;6;0;0;0;0;1.36;5.25;9.5;1.36;5;8.5;1.4;4.8;7.5;1.36;4.8;9;1.36;5.2;9.5;38;1.4;1.37;5.25;4.96;10;8.82;35;1.7;1.66;2.31;2.23
3950;05.12.2018;Wolves;Chelsea;2;1;H;J Moss;6;17;2;3;18;10;1;5;4;4;0;0;5;3.75;1.8;4.75;3.7;1.75;4.5;3.6;1.8;4.8;3.7;1.75;5;3.8;1.8;38;5.06;4.7;3.9;3.71;1.83;1.78;35;1.96;1.91;1.97;1.9
3951;08.12.2018;Arsenal;Huddersfield;1;0;H;P Tierney;14;6;2;0;13;20;7;1;5;4;0;0;1.28;6;12;1.28;5.75;10.5;1.27;6;10;1.25;6;12;1.29;6;13;38;1.3;1.28;6.25;5.88;13;11.2;32;1.6;1.55;2.64;2.44
3952;08.12.2018;Bournemouth;Liverpool;0;4;A;L Mason;8;10;2;4;9;11;6;6;2;1;0;0;5.75;4.5;1.6;5.5;4.33;1.57;5.5;3.8;1.65;5.8;4.33;1.55;6;4.5;1.57;38;6;5.53;4.57;4.33;1.68;1.59;32;1.67;1.61;2.4;2.32
3953;08.12.2018;Burnley;Brighton;1;0;H;M Atkinson;14;14;4;1;11;11;2;7;2;0;0;0;2.9;3.2;2.75;2.85;3.1;2.65;2.8;3.05;2.75;2.75;3.1;2.75;2.88;3.2;2.8;38;2.95;2.84;3.2;3.08;2.85;2.73;34;2.5;2.41;1.62;1.57
3954;08.12.2018;Cardiff;Southampton;1;0;H;J Moss;13;12;4;1;9;10;7;7;2;2;0;0;2.9;3.25;2.7;2.8;3.2;2.6;2.9;3.15;2.55;2.8;3.25;2.6;2.9;3.25;2.7;38;2.95;2.86;3.33;3.21;2.72;2.62;35;2.23;2.15;1.77;1.71
3955;08.12.2018;Chelsea;Man City;2;0;H;M Oliver;8;14;5;4;12;11;1;13;2;0;0;0;4;3.8;1.95;3.9;3.7;1.91;4;3.6;1.9;3.8;3.7;1.95;3.9;3.8;2;38;4.2;3.85;3.8;3.67;2;1.95;35;1.75;1.69;2.26;2.17
3956;08.12.2018;Leicester;Tottenham;0;2;A;C Pawson;11;7;3;2;12;7;6;5;3;1;0;0;3.8;3.75;2;3.9;3.5;1.95;3.6;3.5;2.05;3.75;3.5;2;3.9;3.7;2;38;4;3.79;3.75;3.55;2.08;2;35;1.9;1.81;2.12;2.02
3957;08.12.2018;Man United;Fulham;4;1;H;L Probert;20;10;11;4;11;15;10;3;1;1;0;1;1.33;5.75;10;1.33;5.5;8.75;1.33;5.5;8.5;1.35;5;9;1.36;5.4;9.5;38;1.38;1.35;5.75;5.24;10.5;9.11;35;1.61;1.57;2.55;2.42
3958;08.12.2018;West Ham;Crystal Palace;3;2;H;A Taylor;13;8;6;4;10;8;5;3;1;2;0;0;2.3;3.4;3.4;2.2;3.4;3.3;2.25;3.3;3.3;2.25;3.3;3.3;2.25;3.4;3.4;38;2.33;2.26;3.45;3.34;3.5;3.32;35;2.03;1.96;1.92;1.85
3959;09.12.2018;Newcastle;Wolves;1;2;A;M Dean;12;13;4;6;10;17;4;6;2;5;1;0;2.9;3.2;2.7;2.85;3.1;2.65;2.7;3.2;2.7;2.9;3.1;2.62;3;3.13;2.63;38;3.01;2.91;3.2;3.08;2.82;2.65;34;2.5;2.37;1.64;1.58
3960;10.12.2018;Everton;Watford;2;2;D;K Friend;12;15;5;3;13;13;6;6;1;1;0;0;1.8;3.75;5;1.75;3.7;4.75;1.75;3.7;4.8;1.73;3.8;4.8;1.75;3.8;5;38;1.82;1.75;3.95;3.74;5.11;4.77;35;1.95;1.89;2;1.92
3961;15.12.2018;Crystal Palace;Leicester;1;0;H;M Oliver;8;12;1;2;10;8;4;4;2;1;0;0;2.62;3.2;3;2.55;3.2;2.9;2.6;3.1;2.95;2.62;3.1;2.88;2.7;3.13;3;36;2.72;2.64;3.2;3.12;3.05;2.92;34;2.45;2.34;1.65;1.6
3962;15.12.2018;Fulham;West Ham;0;2;A;M Dean;16;6;4;3;14;10;6;4;2;1;0;0;2.9;3.6;2.5;2.85;3.5;2.4;2.85;3.55;2.4;2.9;3.5;2.38;3;3.6;2.45;36;3.03;2.9;3.65;3.51;2.51;2.42;34;1.67;1.63;2.39;2.27
3963;15.12.2018;Huddersfield;Newcastle;0;1;A;A Taylor;15;8;5;5;5;13;10;1;1;1;0;0;2.6;3.1;3.1;2.55;3;3.1;2.5;3.2;2.95;2.62;3;3;2.7;3;3.1;36;2.73;2.63;3.2;3.01;3.2;3.05;33;2.73;2.57;1.55;1.5
3964;15.12.2018;Man City;Everton;3;1;H;C Pawson;13;9;5;2;7;9;6;2;1;2;0;0;1.22;7.5;13;1.22;7;12;1.22;6.5;12.5;1.2;7;13;1.22;7;15;36;1.26;1.22;7.5;6.83;15;12.85;31;1.42;1.38;3.2;2.98
3965;15.12.2018;Tottenham;Burnley;1;0;H;G Scott;15;4;3;0;7;8;8;3;0;2;0;0;1.18;8;19;1.18;7.25;16;1.2;7;13;1.15;8;15;1.18;8;21;36;1.2;1.18;8.15;7.45;21;16.85;31;1.48;1.43;2.9;2.77
3966;15.12.2018;Watford;Cardiff;3;2;H;A Madley;17;10;8;3;7;5;5;0;0;0;0;0;1.64;3.9;6;1.65;3.9;5.25;1.7;3.8;5;1.6;3.9;6;1.65;3.9;6.25;36;1.7;1.64;4.1;3.87;6.37;5.81;34;2.01;1.94;1.94;1.87
3967;15.12.2018;Wolves;Bournemouth;2;0;H;S Hooper;9;13;3;3;15;7;5;3;1;2;0;0;1.95;3.6;4.33;1.95;3.5;4;2;3.4;3.8;1.95;3.5;4;1.95;3.6;4.1;34;2.03;1.96;3.65;3.51;4.35;4.09;34;1.97;1.89;2;1.91
3968;16.12.2018;Brighton;Chelsea;1;2;A;S Attwell;6;10;2;3;14;6;4;1;2;2;0;0;7.5;4.5;1.5;8;4.5;1.42;7.2;4.4;1.45;7;4.33;1.47;7.5;4.5;1.5;35;8.5;7.4;4.6;4.31;1.52;1.48;33;1.91;1.84;2.05;1.98
3969;16.12.2018;Liverpool;Man United;3;1;H;M Atkinson;36;6;11;2;6;14;13;2;0;2;0;0;1.57;4.5;6;1.53;4.33;6;1.65;4;5.1;1.52;4.33;6;1.5;4.5;7;36;1.65;1.54;4.51;4.31;7;6.29;34;1.75;1.68;2.25;2.18
3970;16.12.2018;Southampton;Arsenal;3;2;H;C Kavanagh;12;13;7;4;12;10;4;5;3;1;0;0;4.1;3.9;1.9;4;3.7;1.9;3.75;3.8;1.9;3.9;3.75;1.91;4;3.9;1.95;36;4.1;3.84;3.95;3.8;1.98;1.93;33;1.64;1.6;2.42;2.33
3971;21.12.2018;Wolves;Liverpool;0;2;A;C Pawson;11;15;5;6;7;3;1;10;0;0;0;0;7;4;1.57;6.5;3.9;1.57;6;4;1.57;6.5;3.9;1.55;6.5;4.1;1.6;36;7.2;6.61;4.15;3.97;1.62;1.58;34;2.05;1.96;1.92;1.86
3972;22.12.2018;Arsenal;Burnley;3;1;H;K Friend;10;7;6;2;10;14;1;3;2;5;0;0;1.25;6.5;15;1.22;6.25;13.5;1.25;6.1;11;1.22;6;15;1.25;6.5;15;36;1.26;1.24;6.75;6.29;15.25;13.63;35;1.5;1.46;2.8;2.67
3973;22.12.2018;Bournemouth;Brighton;2;0;H;M Dean;14;10;3;5;8;18;6;5;2;0;0;1;1.9;3.7;4.33;1.85;3.6;4.33;1.85;3.6;4.3;1.91;3.5;4.2;1.95;3.6;4.33;36;1.97;1.91;3.7;3.54;4.5;4.27;34;2.05;1.95;1.92;1.87
3974;22.12.2018;Cardiff;Man United;1;5;A;M Oliver;9;17;3;9;13;13;4;7;2;1;0;0;6.5;4.2;1.57;5.75;4;1.6;5.8;4.05;1.57;6;4;1.57;6.25;4.2;1.6;36;6.63;6.06;4.2;4.05;1.65;1.59;34;1.85;1.8;2.1;2.03
3975;22.12.2018;Chelsea;Leicester;0;1;A;L Probert;17;8;5;3;10;9;9;5;0;2;0;0;1.33;5.5;11;1.33;5;10;1.35;5.3;8;1.3;5.25;11;1.33;5.5;11;36;1.36;1.33;5.5;5.23;11.39;10.39;34;1.75;1.67;2.32;2.21
3976;22.12.2018;Huddersfield;Southampton;1;3;A;S Attwell;16;13;5;6;12;9;8;2;2;3;0;0;3.1;3.1;2.6;3.1;3.1;2.5;3.05;3.15;2.45;3;3;2.6;3.1;3.1;2.63;36;3.15;3.05;3.15;3.07;2.73;2.58;34;2.52;2.4;1.62;1.57
3977;22.12.2018;Man City;Crystal Palace;2;3;A;A Marriner;19;5;5;3;7;6;13;0;0;4;0;0;1.14;10;21;1.15;8;17.5;1.15;8;18;1.12;8.5;23;1.15;9.5;21;36;1.17;1.14;10;8.79;25;19.89;34;1.4;1.35;3.4;3.18
3978;22.12.2018;Newcastle;Fulham;0;0;D;M Atkinson;9;4;0;2;9;12;6;0;1;2;0;0;2;3.6;4;1.95;3.5;3.9;1.95;3.5;3.9;1.95;3.5;4;2;3.6;4.1;36;2.06;1.99;3.63;3.52;4.13;3.94;34;2;1.93;1.95;1.89
3979;22.12.2018;West Ham;Watford;0;2;A;L Mason;18;11;7;5;9;11;10;4;3;2;0;0;2.37;3.5;3.1;2.25;3.5;3.1;2.3;3.5;3;2.3;3.4;3.1;2.38;3.5;3.13;35;2.4;2.33;3.6;3.48;3.2;3.07;33;1.8;1.74;2.2;2.09
3980;23.12.2018;Everton;Tottenham;2;6;A;P Tierney;10;17;3;8;13;9;2;1;0;2;0;0;3.25;3.5;2.3;3.2;3.4;2.25;3.15;3.45;2.25;3.1;3.4;2.3;3.25;3.5;2.3;36;3.35;3.19;3.55;3.42;2.4;2.29;33;1.82;1.77;2.16;2.05
3981;26.12.2018;Brighton;Arsenal;1;1;D;A Taylor;12;7;3;4;10;4;4;9;2;1;0;0;5.25;3.9;1.72;5.25;3.9;1.67;4.85;3.85;1.7;5;3.8;1.7;5.25;3.9;1.75;37;5.33;5.04;4.05;3.84;1.77;1.71;35;1.8;1.75;2.2;2.08
3982;26.12.2018;Burnley;Everton;1;5;A;M Oliver;11;13;4;6;11;19;5;7;2;4;0;0;4.33;3.5;1.95;4.33;3.4;1.91;4.4;3.5;1.85;4.33;3.4;1.91;4.5;3.5;1.95;37;4.51;4.33;3.6;3.44;1.98;1.93;35;2.1;2.03;1.86;1.8
3983;26.12.2018;Crystal Palace;Cardiff;0;0;D;L Probert;31;9;5;4;9;11;12;1;0;3;0;0;1.66;4;5.75;1.65;4;5.25;1.7;3.8;5;1.63;3.8;5.8;1.67;3.9;6;37;1.7;1.65;4.1;3.92;6.08;5.59;35;1.96;1.9;2;1.91
3984;26.12.2018;Fulham;Wolves;1;1;D;A Marriner;11;14;9;5;9;6;2;0;2;1;0;0;3.25;3.4;2.37;3.25;3.3;2.3;3.1;3.25;2.35;3.2;3.2;2.35;3.3;3.3;2.4;37;3.3;3.19;3.4;3.28;2.47;2.36;35;2.12;2.05;1.84;1.78
3985;26.12.2018;Leicester;Man City;2;1;H;M Dean;10;11;5;4;5;8;3;7;2;2;0;1;9.5;5.25;1.36;8.5;5;1.36;8;5;1.37;9.5;5;1.35;10;5.25;1.36;37;10;9;5.45;5.13;1.39;1.36;34;1.65;1.6;2.47;2.33
3986;26.12.2018;Liverpool;Newcastle;4;0;H;G Scott;16;6;8;2;7;9;10;2;0;0;0;0;1.16;8.5;19;1.16;8;16;1.17;7.6;16.5;1.15;8;17;1.17;8.5;21;37;1.18;1.16;9.5;8.05;21;17.73;36;1.47;1.42;3.05;2.83
3987;26.12.2018;Man United;Huddersfield;3;1;H;J Moss;16;10;10;2;9;13;5;3;1;1;0;0;1.25;6.5;15;1.22;6.25;14;1.22;6.2;13.5;1.22;6.5;13;1.22;6.5;15;37;1.25;1.23;7;6.34;16;13.66;34;1.7;1.65;2.35;2.25
3988;26.12.2018;Tottenham;Bournemouth;5;0;H;C Kavanagh;10;14;7;4;4;8;3;4;2;1;0;0;1.36;5.5;9;1.34;5.25;9;1.35;5.2;8.4;1.33;5.25;9;1.36;5.5;10;37;1.38;1.35;5.5;5.23;10.01;9.12;35;1.52;1.48;2.95;2.62
3989;26.12.2018;Watford;Chelsea;1;2;A;M Atkinson;10;10;2;4;15;5;3;4;1;0;0;0;5.25;3.8;1.75;5;3.8;1.7;4.7;3.85;1.73;4.8;3.75;1.73;5;3.8;1.75;37;5.27;4.89;3.95;3.8;1.79;1.74;35;1.8;1.74;2.21;2.1
3990;27.12.2018;Southampton;West Ham;1;2;A;C Pawson;11;16;5;5;10;3;4;5;2;0;0;0;2.3;3.5;3.3;2.2;3.5;3.2;2.2;3.45;3.2;2.25;3.4;3.2;2.25;3.5;3.3;37;2.31;2.25;3.6;3.46;3.36;3.24;35;1.85;1.79;2.11;2.04
3991;29.12.2018;Brighton;Everton;1;0;H;A Madley;11;13;3;4;10;11;6;6;0;2;0;0;3.25;3.4;2.14;3.5;3.3;2.15;3.4;3.3;2.2;3.4;3.3;2.2;3.6;3.4;2.2;37;3.6;3.44;3.46;3.36;2.3;2.21;35;2.1;2.01;1.9;1.81
3992;29.12.2018;Fulham;Huddersfield;1;0;H;K Friend;14;9;5;5;12;10;4;3;3;1;0;0;2;3.4;3.75;2.05;3.3;3.8;2;3.25;4;2.05;3.2;4;2.1;3.3;4.1;37;2.12;2.06;3.4;3.27;4.2;3.97;34;2.4;2.29;1.68;1.62
3993;29.12.2018;Leicester;Cardiff;0;1;A;S Hooper;16;12;7;3;14;16;10;4;0;2;0;0;1.55;4;6;1.57;4;6;1.57;4.1;6;1.55;4.2;6;1.6;4.2;6.5;37;1.6;1.57;4.55;4.13;6.73;6.18;35;1.95;1.9;1.98;1.91
3994;29.12.2018;Liverpool;Arsenal;5;1;H;M Oliver;15;8;10;2;8;13;5;3;1;2;0;0;1.5;4.5;5.75;1.5;4.6;6;1.53;4.5;5.7;1.47;4.75;6.5;1.5;4.8;7;37;1.53;1.49;5.15;4.74;7;6.25;35;1.56;1.51;2.74;2.55
3995;29.12.2018;Tottenham;Wolves;1;3;A;S Attwell;10;11;3;4;7;7;6;7;3;2;0;0;1.33;5;8.5;1.33;5.25;9;1.37;5;8;1.35;5;9.5;1.36;5.2;10;37;1.39;1.36;5.5;5.01;10.5;9.16;34;1.75;1.68;2.31;2.2
3996;29.12.2018;Watford;Newcastle;1;1;D;R East;12;8;5;2;17;16;3;6;1;2;0;0;1.85;3.6;4;1.8;3.6;4.6;1.85;3.5;4.4;1.78;3.6;4.75;1.8;3.75;5;37;1.88;1.81;3.8;3.67;5;4.59;35;2.05;1.99;1.9;1.83
3997;30.12.2018;Burnley;West Ham;2;0;H;D Coote;17;11;5;4;15;11;5;5;1;4;0;0;3.3;3.2;2.25;3.25;3.4;2.25;3.25;3.4;2.2;3.25;3.4;2.25;3.3;3.5;2.25;36;3.46;3.25;3.55;3.4;2.4;2.27;34;1.95;1.91;1.98;1.9
3998;30.12.2018;Crystal Palace;Chelsea;0;1;A;C Pawson;4;12;0;4;11;8;3;4;0;1;0;0;4.75;4;1.66;5;3.8;1.7;4.8;3.7;1.75;5;3.8;1.7;5.25;3.9;1.73;37;5.25;4.96;4;3.8;1.77;1.73;35;1.92;1.86;2.04;1.96
3999;30.12.2018;Man United;Bournemouth;4;1;H;L Mason;11;7;8;3;10;7;4;5;2;0;1;0;1.33;4.75;10;1.33;5.25;9.25;1.33;5.3;8.8;1.35;5.25;8.5;1.36;5.4;9;37;1.39;1.36;5.75;5.26;10;8.67;35;1.57;1.54;2.64;2.49
4000;30.12.2018;Southampton;Man City;1;3;A;P Tierney;5;14;4;6;11;10;3;8;2;3;1;0;10;5.25;1.3;9.5;5;1.34;8;5.3;1.35;10;5.5;1.3;10;5.5;1.33;37;10.5;9.54;6;5.47;1.35;1.33;35;1.6;1.54;2.6;2.47
4001;01.01.2019;Arsenal;Fulham;4;1;H;G Scott;16;9;9;4;7;12;8;3;0;1;0;0;1.33;5.75;9.5;1.33;5.5;8.75;1.35;5.3;8;1.32;5.25;9.5;1.36;5.5;10;36;1.38;1.34;6;5.44;10;8.84;34;1.48;1.44;2.9;2.72
4002;01.01.2019;Cardiff;Tottenham;0;3;A;K Friend;6;13;3;4;6;6;5;3;1;0;0;0;7.5;4.5;1.5;7.25;4.6;1.44;6.7;4.7;1.45;7;4.4;1.47;7;4.5;1.5;36;7.5;6.95;4.7;4.43;1.52;1.49;33;1.71;1.67;2.4;2.21
4003;01.01.2019;Everton;Leicester;0;1;A;M Atkinson;17;8;2;4;5;8;6;5;3;1;0;0;2;3.5;4.2;2.05;3.4;3.75;2.05;3.4;3.7;2;3.4;3.9;2.05;3.4;4.1;36;2.06;2.01;3.6;3.46;4.2;3.94;34;2.04;1.97;1.91;1.85
4004;02.01.2019;Bournemouth;Watford;3;3;D;D Coote;25;11;12;3;9;15;4;2;1;4;0;0;2.6;3.6;2.75;2.5;3.5;2.75;2.5;3.5;2.75;2.55;3.4;2.75;2.6;3.5;2.8;36;2.66;2.55;3.65;3.48;2.85;2.75;34;1.8;1.74;2.2;2.1
4005;02.01.2019;Chelsea;Southampton;0;0;D;J Moss;17;6;6;2;8;11;7;2;1;2;0;0;1.28;6.5;11;1.28;5.75;10.5;1.33;5.5;8.5;1.25;6;12;1.29;6;13;36;1.33;1.27;6.5;5.94;13.5;11.58;34;1.55;1.51;2.7;2.52
4006;02.01.2019;Huddersfield;Burnley;1;2;A;M Dean;9;16;2;8;11;9;5;2;0;4;1;1;2.14;3.1;4.2;2.15;3.1;3.8;2.1;3.1;3.85;2.1;3.1;4;2.15;3.13;4.1;36;2.22;2.15;3.2;3.12;4.2;3.92;33;2.57;2.45;1.6;1.55
4007;02.01.2019;Newcastle;Man United;0;2;A;A Marriner;14;16;3;7;10;9;1;2;1;2;0;0;6;4.2;1.61;6;4;1.57;5.6;4.25;1.57;6;4.2;1.55;6.25;4.4;1.55;36;6.25;5.78;4.4;4.22;1.62;1.58;33;1.69;1.64;2.4;2.27
4008;02.01.2019;West Ham;Brighton;2;2;D;C Kavanagh;13;13;6;6;9;11;1;5;0;1;0;0;1.95;3.75;4;1.95;3.5;3.9;1.9;3.5;4.1;1.91;3.6;4;1.95;3.6;4.1;36;2.02;1.96;3.75;3.56;4.2;3.96;34;1.97;1.9;1.97;1.91
4009;02.01.2019;Wolves;Crystal Palace;0;2;A;R East;9;17;1;4;9;7;3;10;4;1;0;0;2;3.4;4.33;2;3.25;4.1;1.97;3.3;4.05;2;3.3;4;2;3.4;4.3;36;2.06;2;3.55;3.33;4.33;4.13;33;2.31;2.23;1.7;1.65
4010;03.01.2019;Man City;Liverpool;2;1;H;A Taylor;9;7;4;5;12;7;2;1;4;2;0;0;2.04;3.8;3.6;2.05;3.8;3.3;2.1;3.6;3.35;2;3.75;3.5;2.1;3.8;3.5;36;2.1;2.04;4;3.79;3.7;3.45;34;1.59;1.54;2.6;2.47
4011;12.01.2019;Brighton;Liverpool;0;1;A;K Friend;7;10;0;3;15;5;2;7;0;0;0;0;11;6;1.3;10;5.5;1.3;8;5.3;1.35;10;5.5;1.3;10.5;5.5;1.33;37;11;10.09;6;5.39;1.35;1.32;36;1.78;1.72;2.25;2.13
4012;12.01.2019;Burnley;Fulham;2;1;H;M Atkinson;11;12;0;4;5;9;2;6;1;2;0;0;2.4;3.3;3.25;2.35;3.2;3.2;2.35;3.25;3.15;2.3;3.2;3.25;2.4;3.3;3.3;38;2.5;2.37;3.35;3.25;3.38;3.22;37;2.2;2.08;1.82;1.76
4013;12.01.2019;Cardiff;Huddersfield;0;0;D;L Mason;3;14;0;2;12;14;3;10;3;1;0;0;2.25;3.25;3.6;2.2;3.1;3.6;2.2;3.1;3.6;2.2;3.1;3.6;2.3;3.13;3.75;38;2.32;2.25;3.25;3.17;3.75;3.56;36;2.65;2.5;1.62;1.54
4014;12.01.2019;Chelsea;Newcastle;2;1;H;C Kavanagh;10;9;6;2;6;13;8;5;1;1;0;0;1.22;7;15;1.22;6.25;13.5;1.25;6.1;11;1.2;7;13;1.22;6.5;17;38;1.26;1.23;7;6.35;17;14.63;37;1.75;1.68;2.35;2.21
4015;12.01.2019;Crystal Palace;Watford;1;2;A;P Tierney;15;16;6;2;11;11;7;7;1;4;0;0;2.25;3.4;3.5;2.2;3.3;3.4;2.2;3.3;3.4;2.2;3.3;3.4;2.25;3.4;3.5;38;2.32;2.23;3.45;3.35;3.6;3.4;37;2.16;2.09;1.81;1.75
4016;12.01.2019;Leicester;Southampton;1;2;A;M Oliver;23;8;6;3;7;9;10;3;2;1;0;1;1.95;3.5;4.33;1.91;3.5;4.1;1.9;3.5;4.2;1.85;3.5;4.33;1.95;3.5;4.5;38;2.02;1.94;3.6;3.48;4.5;4.24;37;2.13;2.05;1.85;1.78
4017;12.01.2019;West Ham;Arsenal;1;0;H;J Moss;11;11;3;2;7;10;7;3;0;2;0;0;3.5;4;2.05;3.5;3.75;2;3.4;3.5;2.1;3.4;3.8;2;3.4;4;2.1;38;3.6;3.43;4;3.8;2.11;2.06;36;1.55;1.51;2.71;2.55
4018;13.01.2019;Everton;Bournemouth;2;0;H;A Taylor;15;16;3;7;17;8;5;9;5;0;0;0;1.75;4;4.8;1.75;3.9;4.6;1.8;3.7;4.4;1.75;3.75;4.75;1.75;4;4.8;38;1.81;1.76;4.05;3.89;4.91;4.64;37;1.72;1.68;2.3;2.2
4019;13.01.2019;Tottenham;Man United;0;1;A;M Dean;21;13;11;8;8;8;7;4;1;2;0;0;2.05;3.7;3.75;2.05;3.6;3.5;2.15;3.4;3.4;2;3.6;3.7;2.1;3.6;3.6;38;2.15;2.06;3.8;3.64;3.85;3.58;37;1.68;1.63;2.38;2.28
4020;14.01.2019;Man City;Wolves;3;0;H;C Pawson;24;3;9;0;6;3;12;1;1;0;0;1;1.18;8;17;1.18;7.5;14;1.2;7;13;1.17;7.5;17;1.18;8;18;37;1.22;1.19;8.5;7.34;18;15.63;36;1.51;1.47;2.9;2.67
4021;19.01.2019;Arsenal;Chelsea;2;0;H;A Taylor;13;13;5;1;13;15;5;6;0;2;0;0;3.1;3.6;2.37;3;3.5;2.3;2.95;3.6;2.3;3;3.5;2.3;3.1;3.6;2.38;36;3.11;3.01;3.66;3.54;2.4;2.34;35;1.71;1.67;2.31;2.21
4022;19.01.2019;Bournemouth;West Ham;2;0;H;S Hooper;10;9;4;1;6;10;2;3;0;1;0;0;2.37;3.7;3;2.35;3.5;2.95;2.3;3.6;2.9;2.3;3.5;3;2.4;3.7;3;36;2.4;2.35;3.71;3.59;3.1;2.96;34;1.67;1.63;2.42;2.29
4023;19.01.2019;Liverpool;Crystal Palace;4;3;H;J Moss;19;9;9;3;6;8;8;3;0;1;1;0;1.2;7.5;17;1.18;7.25;15;1.2;7;13;1.17;7.5;17;1.2;7.5;18;36;1.22;1.19;7.75;7.18;18;15.52;35;1.53;1.49;2.75;2.59
4024;19.01.2019;Man United;Brighton;2;1;H;P Tierney;20;7;5;3;11;11;6;5;1;0;0;0;1.3;5.75;12;1.3;5.5;10.5;1.3;5.5;9.6;1.29;5.5;11;1.3;5.5;12;36;1.33;1.3;6;5.49;12;10.75;35;1.73;1.68;2.29;2.2
4025;19.01.2019;Newcastle;Cardiff;3;0;H;S Attwell;16;9;6;1;11;6;7;10;0;1;0;0;1.95;3.4;4.5;1.95;3.25;4.33;2;3.3;4;1.95;3.25;4.4;2;3.3;4.5;36;2;1.96;3.45;3.3;4.6;4.4;35;2.4;2.3;1.67;1.62
4026;19.01.2019;Southampton;Everton;2;1;H;G Scott;11;7;4;2;12;11;7;6;2;1;0;0;2.75;3.4;2.7;2.65;3.3;2.7;2.65;3.3;2.7;2.62;3.3;2.7;2.75;3.4;2.75;36;2.8;2.7;3.44;3.34;2.78;2.7;35;1.95;1.9;2.05;1.92
4027;19.01.2019;Watford;Burnley;0;0;D;M Oliver;9;11;4;3;14;9;1;7;1;2;0;0;1.65;4;5.75;1.62;4;5.5;1.7;3.8;5;1.62;3.9;5.8;1.65;4;6;36;1.7;1.64;4.15;3.95;6;5.54;35;1.9;1.83;2.09;1.99
4028;19.01.2019;Wolves;Leicester;4;3;H;C Kavanagh;12;16;7;6;11;10;5;9;3;3;0;0;2.37;3.2;3.4;2.3;3.2;3.3;2.3;3.1;3.4;2.3;3.1;3.4;2.38;3.2;3.5;36;2.4;2.33;3.21;3.16;3.5;3.4;34;2.5;2.38;1.64;1.59
4029;20.01.2019;Fulham;Tottenham;1;2;A;C Pawson;12;14;4;5;10;8;7;10;2;3;0;0;5.25;3.8;1.75;5.25;3.6;1.72;5.2;3.6;1.73;5.5;3.6;1.73;5.25;3.8;1.73;36;5.5;5.28;3.8;3.64;1.77;1.73;35;1.95;1.87;2.04;1.94
4030;20.01.2019;Huddersfield;Man City;0;3;A;A Marriner;5;12;2;4;10;9;1;4;2;2;0;0;21;8.5;1.16;21;8;1.14;18;7.8;1.15;19;8;1.14;21;8.5;1.14;36;28;20.84;10;8.34;1.18;1.15;34;1.53;1.49;2.85;2.61
4031;29.01.2019;Arsenal;Cardiff;2;1;H;M Dean;15;19;4;2;14;12;4;7;3;3;0;0;1.22;7;15;1.25;6.5;11.5;1.25;6.1;11;1.2;6;15;1.22;7;15;36;1.25;1.23;7.35;6.77;15.5;13.42;33;1.44;1.41;3.25;2.9
4032;29.01.2019;Fulham;Brighton;4;2;H;L Probert;24;15;7;6;10;5;10;1;2;3;0;0;2.37;3.3;3.3;2.4;3.1;3.3;2.35;3.2;3.2;2.35;3.2;3.2;2.4;3.3;3.3;36;2.46;2.39;3.3;3.2;3.5;3.28;35;2.31;2.23;1.73;1.66
4033;29.01.2019;Huddersfield;Everton;0;1;A;S Attwell;10;10;2;5;13;10;3;4;1;4;0;1;4;3.3;2.1;4;3.3;2.05;4;3.3;2;4;3.2;2.05;4.1;3.3;2.1;36;4.1;3.96;3.38;3.28;2.14;2.08;35;2.34;2.26;1.7;1.65
4034;29.01.2019;Man United;Burnley;2;2;D;J Moss;28;6;9;4;10;9;11;3;1;3;0;0;1.28;6;12;1.26;6;12;1.22;6.5;12.5;1.25;5.8;12;1.29;6;13;36;1.31;1.28;6.5;5.83;13.5;11.77;34;1.6;1.55;2.55;2.45
4035;29.01.2019;Newcastle;Man City;2;1;H;P Tierney;6;12;2;4;9;7;1;8;2;3;0;0;19;8;1.18;16.5;7.5;1.18;13;7;1.2;17;6.5;1.18;18;7.5;1.2;36;19;16.18;8.1;7.41;1.21;1.19;33;1.5;1.46;3;2.69
4036;29.01.2019;Wolves;West Ham;3;0;H;D Coote;20;4;9;0;8;10;5;1;4;1;0;0;2.1;3.5;3.75;2.1;3.4;3.75;2.05;3.45;3.7;2.05;3.4;3.75;2.1;3.5;3.9;36;2.13;2.08;3.58;3.45;3.9;3.77;35;2.02;1.96;1.95;1.86
4037;30.01.2019;Bournemouth;Chelsea;4;0;H;R East;12;11;7;7;8;6;3;7;1;0;0;0;5.25;4.2;1.66;5.5;4.1;1.6;5.2;3.9;1.65;5.5;4;1.62;5.75;4.2;1.65;36;5.75;5.42;4.35;4.1;1.67;1.63;35;1.75;1.68;2.3;2.2
4038;30.01.2019;Liverpool;Leicester;1;1;D;M Atkinson;10;5;3;2;13;6;7;1;1;3;0;0;1.22;7;15;1.22;6.5;13;1.22;6.5;12.5;1.22;6.5;13;1.25;6.5;15;36;1.26;1.23;7.1;6.41;15;13.41;34;1.54;1.51;2.75;2.55
4039;30.01.2019;Southampton;Crystal Palace;1;1;D;A Marriner;13;15;4;3;11;8;3;8;2;2;0;1;2.4;3.4;3.2;2.3;3.3;3.2;2.3;3.3;3.15;2.35;3.3;3.1;2.38;3.4;3.25;36;2.45;2.35;3.4;3.32;3.29;3.18;35;2.05;1.98;1.91;1.85
4040;30.01.2019;Tottenham;Watford;2;1;H;G Scott;17;9;3;1;6;9;9;5;0;4;0;0;1.66;4;5.75;1.65;3.9;5.25;1.63;4;5.3;1.62;3.9;5.8;1.67;4;5.75;36;1.68;1.64;4.11;3.95;6.05;5.54;35;1.75;1.72;2.23;2.13
4041;02.02.2019;Brighton;Watford;0;0;D;S Hooper;21;5;4;0;15;10;7;0;1;0;0;0;2.55;3.3;3;2.45;3.3;2.95;2.55;3.2;2.9;2.55;3.2;2.9;2.63;3.25;3;35;2.65;2.55;3.35;3.23;3.01;2.94;34;2.25;2.17;1.75;1.7
4042;02.02.2019;Burnley;Southampton;1;1;D;A Taylor;15;10;6;4;10;9;4;2;3;1;0;0;2.55;3.5;2.87;2.5;3.3;2.85;2.55;3.25;2.85;2.5;3.3;2.88;2.6;3.3;3;35;2.6;2.54;3.5;3.32;3;2.88;34;2.15;2.06;1.81;1.77
4043;02.02.2019;Cardiff;Bournemouth;2;0;H;J Moss;12;9;5;2;17;14;6;7;1;2;0;0;3.25;3.5;2.3;3;3.4;2.35;3.1;3.4;2.3;3.2;3.4;2.25;3.3;3.5;2.3;35;3.31;3.15;3.5;3.41;2.42;2.32;34;2.01;1.92;1.95;1.89
4044;02.02.2019;Chelsea;Huddersfield;5;0;H;P Tierney;23;5;7;2;8;5;11;2;0;0;0;0;1.2;7.5;19;1.17;7.5;16.5;1.17;7.5;15;1.18;7;17;1.2;7;19;35;1.23;1.2;7.5;6.81;19;15.53;33;1.7;1.63;2.41;2.27
4045;02.02.2019;Crystal Palace;Fulham;2;0;H;M Oliver;17;8;6;0;9;12;11;1;2;3;0;0;2.05;3.5;4;2;3.5;3.8;2;3.45;3.75;2;3.5;3.8;2.05;3.5;4;35;2.12;2.02;3.6;3.47;4;3.84;34;2.05;1.98;1.92;1.84
4046;02.02.2019;Everton;Wolves;1;3;A;L Mason;13;8;4;4;12;14;3;1;3;1;0;0;2.37;3.4;3.25;2.3;3.3;3.2;2.35;3.3;3.1;2.35;3.3;3.1;2.45;3.4;3.13;35;2.45;2.36;3.4;3.31;3.3;3.16;34;2.16;2.06;1.85;1.77
4047;02.02.2019;Tottenham;Newcastle;1;0;H;A Marriner;21;8;4;2;6;6;6;3;0;1;0;0;1.44;4.5;9;1.42;4.5;8.25;1.4;4.8;7.6;1.42;4.2;9;1.45;4.5;9;35;1.47;1.43;4.8;4.41;9.5;8.72;34;1.92;1.84;2.06;1.98
4048;03.02.2019;Leicester;Man United;0;1;A;M Dean;17;10;6;6;14;9;7;2;4;4;0;0;3.6;3.5;2.15;3.7;3.4;2.05;3.4;3.5;2.1;3.6;3.4;2.1;3.7;3.5;2.15;35;3.84;3.63;3.53;3.41;2.17;2.11;34;1.86;1.81;2.14;2.02
4049;03.02.2019;Man City;Arsenal;3;1;H;M Atkinson;19;4;12;2;11;8;4;2;1;1;0;0;1.33;6;9;1.3;6;8.75;1.35;5.3;8;1.29;6;9.5;1.3;6.25;9;35;1.35;1.3;6.45;6;10.5;9.23;33;1.4;1.35;3.45;3.19
4050;04.02.2019;West Ham;Liverpool;1;1;D;K Friend;13;11;2;6;9;11;2;5;1;1;0;0;8;5.25;1.4;7.75;5.25;1.36;7.5;4.8;1.4;8;5;1.38;8.5;5.25;1.36;35;9.25;7.95;5.45;5.14;1.43;1.38;33;1.64;1.59;2.5;2.36
4051;06.02.2019;Everton;Man City;0;2;A;C Pawson;4;15;1;4;12;6;5;6;1;1;0;0;10;6.25;1.3;10;6;1.28;8;5.3;1.35;10;5.5;1.3;11;6;1.3;35;11;9.41;6.25;5.78;1.35;1.31;33;1.52;1.49;2.8;2.61
4052;09.02.2019;Brighton;Burnley;1;3;A;S Attwell;16;9;6;5;8;7;9;3;1;1;0;0;2.05;3.3;4.2;2;3.3;4.1;2;3.2;4.05;2.05;3.3;4;2.05;3.3;4.33;34;2.1;2.04;3.41;3.28;4.33;4.05;33;2.4;2.29;1.7;1.63
4053;09.02.2019;Crystal Palace;West Ham;1;1;D;C Pawson;25;6;5;4;12;9;10;4;3;0;0;0;2.1;3.5;3.75;2.05;3.4;3.75;2.1;3.4;3.55;2.15;3.4;3.6;2.1;3.5;3.8;34;2.18;2.11;3.5;3.4;3.8;3.65;33;2.1;2.01;1.9;1.82
4054;09.02.2019;Fulham;Man United;0;3;A;P Tierney;15;15;3;7;14;9;5;4;3;2;0;0;5.5;4.4;1.61;5.5;4;1.62;5;4;1.65;5.5;4.2;1.62;5;4.4;1.65;34;5.69;5.31;4.43;4.25;1.65;1.62;32;1.65;1.6;2.5;2.34
4055;09.02.2019;Huddersfield;Arsenal;1;2;A;J Moss;15;9;6;4;17;12;5;0;3;2;0;0;5.75;4.4;1.6;5.5;4.1;1.6;5.3;4.05;1.63;5.8;4.2;1.6;6;4.2;1.62;34;6;5.6;4.4;4.14;1.66;1.61;33;1.87;1.79;2.1;2.04
4056;09.02.2019;Liverpool;Bournemouth;3;0;H;A Taylor;20;12;9;2;14;6;8;5;2;2;0;0;1.22;7.5;14;1.19;7.25;13.5;1.2;6.5;15;1.2;7;15;1.2;7.5;15;34;1.22;1.2;7.7;7.17;17;14.53;33;1.45;1.41;3.15;2.87
4057;09.02.2019;Southampton;Cardiff;1;2;A;M Atkinson;14;6;7;3;15;12;8;2;3;3;0;0;1.75;3.9;5;1.75;3.7;4.75;1.75;3.7;4.85;1.75;3.7;5;1.8;3.6;5.2;34;1.81;1.76;3.9;3.7;5.2;4.89;33;2.15;2.06;1.83;1.77
4058;09.02.2019;Watford;Everton;1;0;H;L Probert;7;9;2;4;21;10;8;2;2;0;0;1;2.35;3.5;3.2;2.25;3.4;3.2;2.3;3.4;3.1;2.35;3.4;3.1;2.38;3.5;3.2;34;2.45;2.34;3.5;3.37;3.25;3.15;33;2.01;1.92;1.96;1.89
4059;10.02.2019;Man City;Chelsea;6;0;H;M Dean;15;12;9;4;9;13;2;2;1;2;0;0;1.5;4.75;7;1.48;4.5;6.5;1.55;4;6.2;1.5;4.4;6.5;1.53;4.6;6.5;34;1.55;1.5;4.75;4.45;7.04;6.57;32;1.67;1.62;2.45;2.29
4060;10.02.2019;Tottenham;Leicester;3;1;H;M Oliver;12;20;5;9;11;4;2;9;3;1;0;0;1.7;3.9;5.5;1.65;3.9;5.25;1.67;3.9;5.1;1.7;3.75;5.5;1.7;3.9;5.5;34;1.73;1.69;4.03;3.81;5.75;5.32;33;1.9;1.81;2.1;2.02
4061;11.02.2019;Wolves;Newcastle;1;1;D;G Scott;22;9;6;3;7;9;13;1;1;3;0;0;1.7;3.75;5.75;1.7;3.6;5.5;1.67;3.65;5.5;1.7;3.7;5.5;1.7;3.7;6;34;1.73;1.69;3.82;3.67;6;5.56;33;2.3;2.22;1.75;1.66
4062;22.02.2019;Cardiff;Watford;1;5;A;S Hooper;15;12;6;7;10;11;3;3;1;2;0;0;3.1;3.4;2.45;3.1;3.3;2.4;2.85;3.3;2.5;3;3.3;2.4;3.1;3.4;2.45;33;3.28;3.06;3.4;3.31;2.5;2.44;32;2.15;2.04;1.83;1.78
4063;22.02.2019;West Ham;Fulham;3;1;H;L Mason;21;8;7;5;11;11;12;0;1;1;0;0;1.95;3.8;4;1.91;3.75;4;1.9;3.7;3.85;1.91;3.6;4;1.93;3.8;4.2;34;1.98;1.93;3.8;3.71;4.3;4.03;33;1.75;1.7;2.28;2.18
4064;23.02.2019;Bournemouth;Wolves;1;1;D;R East;10;10;3;2;10;15;9;8;4;5;0;0;2.87;3.4;2.62;2.8;3.25;2.6;2.8;3.25;2.6;2.8;3.25;2.6;2.9;3.4;2.63;34;2.9;2.83;3.4;3.28;2.72;2.61;33;2.15;2.06;1.83;1.78
4065;23.02.2019;Burnley;Tottenham;2;1;H;M Dean;10;17;4;6;9;12;7;6;1;3;0;0;5.75;3.8;1.7;5.25;3.7;1.7;5;3.8;1.7;5.25;3.8;1.67;5.5;3.9;1.7;34;5.75;5.29;3.99;3.79;1.74;1.7;33;1.8;1.74;2.21;2.11
4066;23.02.2019;Leicester;Crystal Palace;1;4;A;A Taylor;27;7;5;5;7;14;8;3;2;1;0;0;2.25;3.4;3.5;2.15;3.3;3.5;2.2;3.25;3.5;2.15;3.3;3.5;2.25;3.3;3.7;33;2.25;2.21;3.4;3.3;3.7;3.5;32;2.28;2.19;1.73;1.68
4067;23.02.2019;Newcastle;Huddersfield;2;0;H;K Friend;29;3;12;1;11;7;12;0;2;0;0;1;1.83;3.5;5.25;1.83;3.4;4.75;1.8;3.4;4.9;1.78;3.3;5.25;1.83;3.4;5.5;33;1.87;1.83;3.5;3.39;5.5;4.99;32;2.63;2.47;1.6;1.55
4068;24.02.2019;Arsenal;Southampton;2;0;H;G Scott;12;10;4;4;7;14;6;4;0;0;0;0;1.5;4.75;7;1.45;4.5;7;1.45;4.5;7;1.5;4.33;6.5;1.53;4.6;6.5;33;1.54;1.51;4.75;4.46;7;6.46;31;1.65;1.6;2.45;2.32
4069;24.02.2019;Man United;Liverpool;0;0;D;M Oliver;6;7;3;1;15;17;3;7;1;3;0;0;3.1;3.5;2.37;3;3.4;2.35;2.95;3.4;2.4;3;3.5;2.3;3.2;3.5;2.38;34;3.2;3.06;3.63;3.48;2.4;2.34;33;1.85;1.79;2.12;2.03
4070;26.02.2019;Cardiff;Everton;0;3;A;K Friend;6;12;0;4;12;12;3;4;3;1;0;0;3.75;3.4;2.15;3.7;3.3;2.15;3.4;3.3;2.2;3.75;3.25;2.1;3.9;3.4;2.1;35;3.9;3.72;3.45;3.33;2.2;2.13;34;2.17;2.09;1.8;1.75
4071;26.02.2019;Huddersfield;Wolves;1;0;H;D Coote;15;7;3;0;10;10;3;5;2;2;0;0;5;3.5;1.85;5;3.4;1.83;4.9;3.4;1.8;5;3.3;1.83;5.25;3.4;1.87;35;5.25;5.01;3.55;3.39;1.89;1.84;33;2.55;2.44;1.61;1.56
4072;26.02.2019;Leicester;Brighton;2;1;H;L Probert;19;15;3;3;6;4;4;8;1;1;0;0;1.9;3.5;4.6;1.91;3.4;4.5;2;3.4;3.8;1.88;3.4;4.4;1.93;3.5;4.6;35;2;1.93;3.5;3.4;4.75;4.42;34;2.3;2.21;1.72;1.68
4073;26.02.2019;Newcastle;Burnley;2;0;H;C Pawson;12;12;3;2;8;8;4;7;1;3;0;0;2.15;3.3;3.9;2.1;3.3;3.8;2.2;3.1;3.6;2.1;3.2;3.8;2.15;3.25;4;35;2.2;2.13;3.35;3.27;4;3.82;34;2.45;2.34;1.65;1.61
4074;27.02.2019;Arsenal;Bournemouth;5;1;H;C Kavanagh;16;13;6;5;11;9;9;4;2;2;0;0;1.44;5;7.5;1.44;4.75;7;1.4;4.8;7.5;1.42;4.75;7.5;1.45;5;7.5;35;1.46;1.44;5;4.79;8.25;7.17;33;1.56;1.52;2.66;2.54
4075;27.02.2019;Chelsea;Tottenham;2;0;H;A Marriner;11;9;1;0;7;14;2;2;1;1;0;0;2.3;3.5;3.25;2.3;3.4;3.1;2.4;3.4;2.9;2.25;3.4;3.2;2.3;3.5;3.3;35;2.4;2.28;3.52;3.4;3.38;3.23;34;1.9;1.84;2.07;1.98
4076;27.02.2019;Crystal Palace;Man United;1;3;A;M Atkinson;17;13;2;4;8;9;5;6;2;3;0;0;3.25;3.5;2.3;3.1;3.4;2.3;3.1;3.4;2.3;3.1;3.4;2.3;3.2;3.5;2.38;35;3.3;3.18;3.5;3.38;2.4;2.32;34;1.95;1.88;2.01;1.94
4077;27.02.2019;Liverpool;Watford;5;0;H;G Scott;19;5;10;3;5;7;6;4;0;2;0;0;1.28;6;12;1.25;6;12.5;1.25;6.1;11;1.27;5.5;12;1.3;5.75;11.5;35;1.32;1.29;6.25;5.74;13;11.26;33;1.59;1.54;2.65;2.48
4078;27.02.2019;Man City;West Ham;1;0;H;S Attwell;20;2;7;1;2;6;12;2;0;2;0;0;1.16;9;19;1.16;7.5;17;1.17;7.5;15;1.14;8;19;1.15;9;21;35;1.18;1.16;9.25;8.12;21;17.75;34;1.4;1.34;3.55;3.36
4079;27.02.2019;Southampton;Fulham;2;0;H;A Taylor;14;14;4;4;15;13;7;4;0;1;0;0;1.9;3.7;4.33;1.91;3.4;4.25;1.9;3.55;4.1;1.91;3.5;4.2;1.93;3.6;4.4;35;1.97;1.91;3.7;3.57;4.4;4.21;34;1.95;1.9;2;1.92
4080;02.03.2019;Bournemouth;Man City;0;1;A;K Friend;0;23;0;7;7;7;0;14;1;2;0;0;13;7.5;1.22;12;7;1.22;12;6.8;1.22;12;7;1.22;12;7.5;1.22;34;15;12.42;7.5;6.98;1.25;1.22;33;1.45;1.39;3.2;2.97
4081;02.03.2019;Brighton;Huddersfield;1;0;H;M Dean;13;6;4;4;11;6;6;3;2;2;0;0;1.85;3.4;5.25;1.78;3.4;5.25;1.8;3.35;5;1.78;3.6;4.75;1.85;3.4;5.4;34;1.86;1.82;3.6;3.39;5.4;5.1;32;2.6;2.48;1.6;1.55
4082;02.03.2019;Burnley;Crystal Palace;1;3;A;L Probert;18;10;4;4;9;9;8;5;1;2;0;0;2.8;3.3;2.75;2.75;3.2;2.65;2.75;3.2;2.65;2.8;3.2;2.62;2.88;3.3;2.7;34;2.9;2.81;3.32;3.24;2.82;2.65;33;2.2;2.08;1.83;1.76
4083;02.03.2019;Man United;Southampton;3;2;H;S Attwell;16;6;6;3;7;10;9;7;2;1;0;0;1.45;4.5;8.5;1.44;4.5;7.5;1.45;4.5;7.1;1.44;4.33;8;1.45;4.5;8;34;1.5;1.45;4.75;4.47;8.5;7.67;33;1.75;1.69;2.25;2.19
4084;02.03.2019;Tottenham;Arsenal;1;1;D;A Taylor;10;9;3;4;15;14;3;4;3;2;0;1;2.05;3.7;3.75;2.05;3.4;3.75;2;3.65;3.55;2;3.6;3.7;2.05;3.7;3.7;33;2.12;2.04;3.8;3.61;3.8;3.65;33;1.66;1.62;2.45;2.31
4085;02.03.2019;West Ham;Newcastle;2;0;H;C Kavanagh;10;17;4;2;8;14;1;6;3;4;0;0;2.15;3.5;3.6;2.1;3.4;3.6;2.05;3.45;3.6;2.1;3.4;3.6;2.1;3.5;3.8;34;2.15;2.09;3.56;3.44;3.81;3.66;32;2.05;1.96;1.91;1.86
4086;02.03.2019;Wolves;Cardiff;2;0;H;A Marriner;13;12;6;4;11;6;7;8;1;2;0;0;1.5;4.33;8;1.5;4.2;7;1.5;4.15;6.8;1.5;4.2;7;1.53;4.2;7.5;34;1.55;1.51;4.37;4.21;8;7.13;33;2.05;1.98;1.91;1.85
4087;03.03.2019;Everton;Liverpool;0;0;D;M Atkinson;7;10;3;3;12;10;3;7;1;2;0;0;6;4.2;1.61;5.5;4.1;1.6;5.4;3.95;1.63;5.8;3.9;1.62;6;4.1;1.62;34;6;5.64;4.2;3.98;1.67;1.63;33;1.95;1.89;2;1.93
4088;03.03.2019;Fulham;Chelsea;1;2;A;G Scott;12;20;5;7;11;10;5;4;2;1;0;0;6.5;4.5;1.53;6;4.33;1.53;6;4.4;1.53;6.5;4.33;1.5;7;4.5;1.53;34;7;6.25;4.68;4.43;1.55;1.52;33;1.75;1.68;2.31;2.21
4089;03.03.2019;Watford;Leicester;2;1;H;J Moss;6;14;5;2;15;12;1;5;5;1;0;0;2.55;3.3;3;2.45;3.2;3;2.45;3.3;2.95;2.45;3.3;3;2.5;3.3;3.13;34;2.6;2.46;3.45;3.33;3.13;2.97;33;2.05;1.95;1.93;1.87
4090;09.03.2019;Cardiff;West Ham;2;0;H;G Scott;16;9;7;2;7;12;7;5;2;1;0;0;3.6;3.5;2.15;3.4;3.3;2.2;3.35;3.4;2.15;3.4;3.4;2.15;3.5;3.4;2.25;34;3.61;3.45;3.52;3.42;2.25;2.19;33;2;1.94;1.95;1.89
4091;09.03.2019;Crystal Palace;Brighton;1;2;A;C Pawson;15;4;3;3;8;18;8;0;1;5;0;0;1.83;3.6;5;1.8;3.5;4.75;1.83;3.45;4.55;1.83;3.4;4.75;1.87;3.5;5;34;1.89;1.85;3.6;3.48;5;4.72;33;2.25;2.17;1.75;1.7
4092;09.03.2019;Huddersfield;Bournemouth;0;2;A;A Taylor;8;8;1;5;14;9;6;5;3;1;0;0;3.4;3.3;2.35;3.4;3.2;2.25;3.35;3.2;2.25;3.4;3.2;2.25;3.6;3.25;2.3;34;3.6;3.4;3.32;3.24;2.4;2.29;33;2.33;2.22;1.71;1.67
4093;09.03.2019;Leicester;Fulham;3;1;H;D Coote;18;6;8;3;9;13;6;5;0;2;0;0;1.57;4.5;6;1.6;4.1;5.5;1.6;4.25;5.4;1.57;4.2;5.8;1.62;4.2;6;34;1.62;1.6;4.5;4.3;6;5.58;33;1.75;1.69;2.29;2.19
4094;09.03.2019;Man City;Watford;3;1;H;P Tierney;19;2;9;1;11;7;9;1;1;1;0;0;1.16;9;19;1.14;8.5;18;1.12;9;20;1.14;8;19;1.15;8.5;21;34;1.17;1.15;9.5;8.5;21;18.41;33;1.35;1.32;3.6;3.32
4095;09.03.2019;Newcastle;Everton;3;2;H;L Mason;19;7;7;3;13;10;8;2;3;1;0;0;2.8;3.25;2.8;2.75;3.1;2.75;2.75;3.1;2.75;2.75;3.1;2.75;2.88;3.13;2.8;34;2.88;2.79;3.25;3.14;2.85;2.76;33;2.45;2.36;1.65;1.6
4096;09.03.2019;Southampton;Tottenham;2;1;H;K Friend;12;16;4;5;16;9;1;10;4;2;0;0;4.5;3.8;1.85;4.2;3.7;1.85;4.15;3.7;1.85;4.2;3.7;1.85;4.4;3.75;1.9;34;4.75;4.26;3.9;3.74;1.9;1.87;33;1.85;1.8;2.1;2.03
4097;10.03.2019;Arsenal;Man United;2;0;H;J Moss;14;14;3;4;12;18;5;2;2;2;0;0;2.4;3.6;3;2.35;3.5;2.95;2.35;3.55;2.9;2.38;3.5;2.9;2.45;3.6;2.9;34;2.48;2.38;3.65;3.52;3.1;2.96;33;1.7;1.66;2.37;2.23
4098;10.03.2019;Chelsea;Wolves;1;1;D;M Oliver;22;2;6;1;8;14;13;0;1;4;0;0;1.55;4.2;7;1.55;4;6.5;1.45;4.4;7.2;1.55;4;6.5;1.6;4;7;34;1.6;1.56;4.4;4.03;7.2;6.53;33;1.99;1.9;2;1.92
4099;10.03.2019;Liverpool;Burnley;4;2;H;A Marriner;23;3;5;2;4;7;7;3;2;0;0;0;1.16;8.5;21;1.17;7.5;15.5;1.17;7.5;15;1.15;7.5;19;1.18;8;22;34;1.2;1.17;8.5;7.66;22;17.74;33;1.5;1.44;2.9;2.75
4100;16.03.2019;Bournemouth;Newcastle;2;2;D;M Dean;10;12;3;4;9;12;6;6;3;2;0;0;2.05;3.6;3.8;2.05;3.4;3.8;2.05;3.4;3.65;2.1;3.3;3.7;2.1;3.4;3.8;35;2.14;2.08;3.6;3.42;3.8;3.7;34;2.1;2.01;1.88;1.82
4101;16.03.2019;Burnley;Leicester;1;2;A;M Oliver;13;9;2;4;9;10;9;3;1;1;0;1;3.1;3.4;2.45;3;3.3;2.4;3;3.25;2.4;3.1;3.3;2.35;3.2;3.3;2.45;35;3.2;3.06;3.43;3.31;2.52;2.42;34;2.1;2.01;1.89;1.82
4102;16.03.2019;West Ham;Huddersfield;4;3;H;J Moss;16;15;5;5;7;15;5;8;0;2;0;0;1.55;4.2;7;1.57;4;6;1.5;4.3;6.5;1.55;4;6.5;1.57;4;7;35;1.6;1.57;4.3;4.02;7.25;6.45;34;2.05;1.98;1.92;1.85
4103;17.03.2019;Everton;Chelsea;2;0;H;A Taylor;15;16;8;5;17;9;3;4;1;2;0;0;4;3.8;1.95;4.1;3.6;1.9;4.4;3.5;1.85;4;3.5;1.95;4.2;3.6;1.95;35;4.4;4;3.8;3.57;2;1.95;34;2;1.92;1.95;1.89
4104;17.03.2019;Fulham;Liverpool;1;2;A;C Pawson;7;16;2;6;11;7;1;10;2;1;0;0;12;7;1.25;10.5;6.5;1.25;11;6.1;1.25;13;6;1.24;15;6.5;1.25;35;15;11.67;7;6.31;1.28;1.25;34;1.52;1.48;2.76;2.62
4105;30.03.2019;Brighton;Southampton;0;1;A;M Oliver;14;8;1;2;8;10;6;5;1;2;0;0;2.55;3.2;3.1;2.6;3;3;2.55;3.05;3;2.55;3.1;3;2.63;3.13;3.13;33;2.65;2.57;3.2;3.09;3.15;3.05;31;2.52;2.44;1.61;1.56
4106;30.03.2019;Burnley;Wolves;2;0;H;C Kavanagh;5;8;1;1;12;10;1;5;1;1;0;0;3.2;3.25;2.45;3.2;3.1;2.4;3.15;3.1;2.4;3.1;3.1;2.45;3.2;3.25;2.5;34;3.25;3.15;3.3;3.17;2.56;2.45;33;2.4;2.3;1.67;1.63
4107;30.03.2019;Crystal Palace;Huddersfield;2;0;H;L Probert;19;15;5;5;10;7;5;5;0;0;0;0;1.45;4.4;9;1.45;4.25;8;1.5;4.3;6.5;1.42;4.33;8.5;1.45;4.4;9;34;1.5;1.46;4.5;4.29;9;8.16;33;2.21;2.15;1.78;1.72
4108;30.03.2019;Fulham;Man City;0;2;A;K Friend;5;24;0;7;4;12;0;11;2;0;0;0;21;11;1.12;18;9.25;1.13;20;9;1.12;21;9;1.12;22;10;1.14;34;23;19.78;11;9.49;1.16;1.13;33;1.35;1.29;3.75;3.55
4109;30.03.2019;Leicester;Bournemouth;2;0;H;L Mason;18;8;4;2;6;12;6;1;0;2;0;0;1.85;3.8;4.5;1.8;3.75;4.33;1.9;3.5;4.1;1.8;3.75;4.33;1.85;3.8;4.6;34;1.9;1.83;4;3.79;4.6;4.34;33;1.71;1.68;2.4;2.21
4110;30.03.2019;Man United;Watford;2;1;H;S Attwell;8;20;5;8;14;9;3;5;1;2;0;0;1.44;4.75;8;1.42;4.75;7.5;1.4;4.6;8.3;1.42;4.75;7.5;1.45;4.75;8;34;1.47;1.44;4.92;4.71;8.5;7.46;32;1.67;1.65;2.45;2.27
4111;30.03.2019;West Ham;Everton;0;2;A;P Tierney;3;17;1;9;7;14;4;9;1;1;0;0;2.55;3.5;2.9;2.55;3.3;2.8;2.5;3.4;2.8;2.5;3.4;2.8;2.5;3.5;2.9;34;2.65;2.53;3.5;3.41;2.94;2.84;33;1.85;1.79;2.11;2.04
4112;31.03.2019;Cardiff;Chelsea;1;2;A;C Pawson;8;21;3;3;8;14;2;7;2;3;0;0;9;4.5;1.44;7.5;4.33;1.45;8.3;4.6;1.4;8;4.5;1.42;8.5;4.5;1.45;34;9.05;8.08;4.65;4.47;1.47;1.44;33;1.82;1.77;2.15;2.06
4113;31.03.2019;Liverpool;Tottenham;2;1;H;M Atkinson;14;11;3;2;5;8;10;3;0;1;0;0;1.61;4.2;6;1.6;4.1;5.5;1.6;4.15;5.4;1.6;4;5.8;1.6;4.2;6;34;1.65;1.61;4.33;4.13;6;5.62;33;1.73;1.68;2.3;2.21
4114;01.04.2019;Arsenal;Newcastle;2;0;H;A Taylor;7;3;4;1;11;10;6;2;2;0;0;0;1.36;5.25;9.5;1.36;5;8.5;1.35;5.3;8;1.36;5;8.5;1.4;5;8.5;33;1.42;1.39;5.3;4.95;9.5;8.36;31;1.65;1.59;2.52;2.36
4115;02.04.2019;Watford;Fulham;4;1;H;R East;15;17;7;7;12;5;6;4;3;2;0;0;1.72;4;5;1.72;3.9;4.75;1.73;3.9;4.55;1.73;3.75;4.8;1.75;3.9;5;35;1.78;1.74;4;3.86;5.25;4.85;31;1.79;1.7;2.33;2.17
4116;02.04.2019;Wolves;Man United;2;1;H;M Dean;9;18;2;4;5;11;3;5;1;2;0;1;4;3.6;2;4;3.6;1.91;3.7;3.5;2;4;3.5;1.95;4.2;3.5;2;36;4.2;3.98;3.62;3.51;2.1;1.99;34;2.1;2.03;1.85;1.8
4117;03.04.2019;Chelsea;Brighton;3;0;H;G Scott;17;3;4;1;5;9;7;1;0;0;0;0;1.25;6.5;15;1.26;5.75;11.5;1.25;6.1;11;1.25;5.8;13;1.29;5.75;15;35;1.29;1.26;6.5;5.79;15.5;13.11;33;1.75;1.7;2.25;2.16
4118;03.04.2019;Man City;Cardiff;2;0;H;J Moss;27;4;11;1;3;17;7;4;0;3;0;0;1.06;17;34;1.06;13;36;1.07;12;26;1.05;13;46;1.06;15;51;35;1.08;1.06;17.25;14.37;60;40.61;31;1.24;1.22;4.5;4.15
4119;03.04.2019;Tottenham;Crystal Palace;2;0;H;A Marriner;26;5;10;1;8;5;8;2;1;0;0;0;1.45;5;7.5;1.42;4.75;7.25;1.47;4.3;7;1.44;4.6;7;1.5;4.6;7.5;35;1.5;1.47;5;4.61;7.75;7.04;33;1.7;1.65;2.33;2.24
4120;05.04.2019;Southampton;Liverpool;1;3;A;P Tierney;11;17;1;5;8;7;7;5;2;4;0;0;9;5;1.4;8.5;4.75;1.4;7;4.5;1.45;8.5;4.8;1.36;9.5;5;1.36;34;10;8.68;5.2;4.89;1.45;1.39;33;1.76;1.71;2.25;2.15
4121;06.04.2019;Bournemouth;Burnley;1;3;A;M Atkinson;10;11;2;3;12;16;3;6;2;3;0;0;2.1;3.6;3.75;2.1;3.5;3.5;2.05;3.5;3.6;2.05;3.5;3.6;2.1;3.6;3.75;35;2.14;2.07;3.65;3.55;3.75;3.63;33;1.9;1.84;2.05;1.99
4122;06.04.2019;Huddersfield;Leicester;1;4;A;D Coote;10;18;4;9;13;11;8;5;3;0;0;0;5;4;1.72;5;3.8;1.7;5.5;3.9;1.63;5.25;3.7;1.7;5.4;3.75;1.75;35;5.5;5.02;4;3.8;1.77;1.73;33;2.1;2;1.89;1.83
4123;06.04.2019;Newcastle;Crystal Palace;0;1;A;S Attwell;18;3;5;1;12;13;9;4;1;2;0;0;2.6;3.25;3;2.5;3.2;3;2.5;3.15;2.95;2.5;3.2;3;2.6;3.2;3.1;35;2.61;2.53;3.3;3.19;3.1;3.02;34;2.4;2.26;1.7;1.65
4124;07.04.2019;Everton;Arsenal;1;0;H;K Friend;23;7;6;2;8;9;9;6;1;4;0;0;3;3.75;2.35;3.1;3.6;2.2;2.95;3.55;2.3;3;3.5;2.3;3.1;3.6;2.38;35;3.15;3.02;3.75;3.6;2.42;2.32;34;1.77;1.68;2.3;2.19
4125;08.04.2019;Chelsea;West Ham;2;0;H;C Kavanagh;16;9;7;2;8;7;7;4;2;1;0;0;1.33;5.75;9.5;1.34;5.25;9;1.4;4.8;7.5;1.3;5.5;10;1.3;5.5;11;34;1.4;1.33;6;5.55;11;9.25;32;1.56;1.52;2.65;2.51
4126;12.04.2019;Leicester;Newcastle;0;1;A;C Kavanagh;12;11;5;5;6;10;2;3;2;3;0;0;1.66;4;5.75;1.65;3.9;5.5;1.65;4;5.1;1.63;3.75;5.8;1.65;3.9;6.25;35;1.69;1.65;4.1;3.87;6.25;5.77;33;2;1.92;1.97;1.9
4127;13.04.2019;Brighton;Bournemouth;0;5;A;K Friend;8;14;1;7;10;6;4;1;2;4;1;0;2.3;3.4;3.4;2.3;3.2;3.3;2.25;3.3;3.3;2.25;3.3;3.3;2.25;3.4;3.5;34;2.33;2.28;3.45;3.32;3.5;3.35;33;2.17;2.08;1.81;1.77
4128;13.04.2019;Burnley;Cardiff;2;0;H;M Dean;14;14;7;2;7;10;8;4;2;3;0;0;1.9;3.6;4.5;1.91;3.4;4.25;1.9;3.5;4.1;1.88;3.5;4.33;1.93;3.6;4.5;35;1.95;1.9;3.75;3.54;4.6;4.33;34;2.15;2.06;1.83;1.77
4129;13.04.2019;Fulham;Everton;2;0;H;L Probert;12;8;5;1;8;10;7;3;2;1;0;0;5;4;1.75;4.4;4;1.75;4.55;3.9;1.73;4.75;3.8;1.73;5;4;1.75;35;5;4.63;4.1;3.93;1.8;1.75;34;1.76;1.72;2.3;2.14
4130;13.04.2019;Man United;West Ham;2;1;H;G Scott;14;18;4;4;14;5;3;11;1;1;0;0;1.4;5.25;8.5;1.42;4.75;7.5;1.4;5;7.2;1.38;5;8;1.4;5.25;7.5;35;1.42;1.4;5.3;5.03;9;7.9;33;1.56;1.52;2.75;2.55
4131;13.04.2019;Southampton;Wolves;3;1;H;J Moss;13;17;6;2;13;8;4;9;1;3;0;0;2.6;3.25;3;2.6;3.1;2.9;2.55;3.1;2.95;2.6;3.1;2.9;2.7;3.25;2.9;35;2.7;2.59;3.25;3.15;3.15;2.98;34;2.4;2.32;1.66;1.62
4132;13.04.2019;Tottenham;Huddersfield;4;0;H;L Mason;22;7;5;1;10;12;4;2;2;2;0;0;1.22;7;15;1.2;7;14;1.2;7;13;1.2;6.5;15;1.22;7;18;35;1.25;1.22;7.25;6.77;18;14.24;33;1.5;1.47;2.9;2.66
4133;14.04.2019;Crystal Palace;Man City;1;3;A;M Atkinson;7;20;3;6;5;11;2;9;0;0;0;0;11;6;1.3;10;5.5;1.3;9.1;5.3;1.32;11;5.25;1.3;11.5;5.75;1.3;34;11.5;10.05;6;5.51;1.35;1.32;32;1.65;1.6;2.45;2.34
4134;14.04.2019;Liverpool;Chelsea;2;0;H;M Oliver;15;6;7;3;5;9;9;2;0;1;0;0;1.66;4.2;5.25;1.67;4;5;1.65;4;5;1.63;4;5.25;1.65;4.1;5.5;35;1.71;1.66;4.25;4.05;5.5;5.2;34;1.86;1.77;2.13;2.06
4135;15.04.2019;Watford;Arsenal;0;1;A;C Pawson;11;19;3;6;12;8;6;4;2;0;1;0;3.2;3.75;2.25;3.1;3.6;2.2;3.1;3.7;2.15;3.1;3.7;2.2;3.25;3.75;2.2;34;3.25;3.13;3.9;3.72;2.25;2.2;32;1.62;1.57;2.52;2.4
4136;16.04.2019;Brighton;Cardiff;0;2;A;A Marriner;14;10;2;3;11;13;5;4;0;1;0;0;2;3.3;4.5;2;3.2;4.33;2;3.3;4;2;3.2;4.33;2.05;3.3;4.4;33;2.05;2;3.34;3.24;4.75;4.29;31;2.4;2.32;1.67;1.61
4137;20.04.2019;Bournemouth;Fulham;0;1;A;D Coote;15;17;5;5;11;18;3;7;1;3;0;0;1.65;4.4;5.25;1.62;4.25;5;1.67;4.15;4.65;1.65;4.2;5;1.67;4.33;5.2;33;1.7;1.66;4.4;4.22;5.25;4.9;31;1.58;1.54;2.6;2.46
4138;20.04.2019;Huddersfield;Watford;1;2;A;R East;13;11;3;6;15;9;2;2;2;2;0;0;4.4;3.9;1.85;4.4;3.75;1.8;4.2;3.65;1.85;4.4;3.6;1.83;4.6;3.8;1.85;34;4.6;4.34;3.9;3.69;1.89;1.85;32;1.9;1.83;2.05;1.99
4139;20.04.2019;Man City;Tottenham;1;0;H;M Oliver;15;10;4;4;11;11;4;4;1;2;0;0;1.3;6;11;1.28;6;10;1.3;5.5;9.6;1.27;6;11;1.29;6.25;12;35;1.32;1.28;6.6;6.06;12;10.35;34;1.47;1.43;2.95;2.8
4140;20.04.2019;Newcastle;Southampton;3;1;H;A Taylor;15;15;6;3;5;11;4;11;0;2;0;0;2.55;3.2;3.1;2.45;3.1;3.1;2.45;3.1;3.15;2.5;3.1;3.1;2.5;3.13;3.2;35;2.59;2.48;3.25;3.12;3.26;3.16;34;2.45;2.34;1.65;1.6
4141;20.04.2019;West Ham;Leicester;2;2;D;L Probert;11;11;3;5;8;9;6;8;2;0;0;0;3.3;3.5;2.3;3.1;3.4;2.3;3.1;3.4;2.3;3.1;3.4;2.3;3.2;3.5;2.3;34;3.3;3.13;3.55;3.45;2.4;2.3;33;1.76;1.71;2.23;2.14
4142;20.04.2019;Wolves;Brighton;0;0;D;C Pawson;22;5;5;0;0;8;14;1;0;1;0;0;1.75;3.5;6;1.72;3.5;5.5;1.77;3.45;5.2;1.75;3.4;5.5;1.8;3.5;5.75;34;1.8;1.76;3.6;3.44;6;5.46;33;2.45;2.38;1.65;1.59
4143;21.04.2019;Arsenal;Crystal Palace;2;3;A;J Moss;12;16;5;7;15;12;8;3;4;1;0;0;1.53;4.6;6.5;1.53;4.5;5.75;1.45;4.4;7.2;1.52;4.33;6.5;1.53;4.4;6.5;33;1.56;1.54;4.77;4.44;7.2;6.03;31;1.61;1.58;2.51;2.38
4144;21.04.2019;Cardiff;Liverpool;0;2;A;M Atkinson;7;17;2;6;6;5;5;10;1;1;0;0;17;7.5;1.2;16.5;6.25;1.2;13;7;1.2;15;6.5;1.2;17;7.5;1.2;35;18;14.94;7.5;6.66;1.23;1.21;33;1.57;1.53;2.65;2.48
4145;21.04.2019;Everton;Man United;4;0;H;P Tierney;15;7;8;1;11;7;10;2;1;1;0;0;3.25;3.5;2.3;3.2;3.4;2.25;3.1;3.45;2.3;3.2;3.4;2.25;3.3;3.4;2.3;35;3.3;3.17;3.6;3.44;2.35;2.3;33;1.91;1.86;2.04;1.95
4146;22.04.2019;Chelsea;Burnley;2;2;D;K Friend;22;6;9;3;9;4;10;1;2;1;0;0;1.25;6.25;15;1.26;6;11;1.25;6.1;11;1.25;5.8;13;1.25;6.25;13;32;1.29;1.26;6.6;5.95;15;12.42;30;1.66;1.62;2.4;2.29
4147;23.04.2019;Tottenham;Brighton;1;0;H;C Kavanagh;29;6;5;1;7;13;6;3;1;2;0;0;1.28;6;13;1.3;5.5;11.5;1.33;5.5;8.4;1.27;5.5;12;1.3;5.75;12;34;1.33;1.29;6;5.53;13.8;11.88;33;1.76;1.71;2.25;2.15
4148;23.04.2019;Watford;Southampton;1;1;D;M Dean;15;8;4;4;10;14;3;4;5;2;0;0;2.25;3.5;3.4;2.2;3.4;3.4;2.25;3.4;3.2;2.25;3.4;3.2;2.25;3.5;3.4;35;2.3;2.25;3.53;3.43;3.4;3.3;33;1.86;1.82;2.15;2.01
4149;24.04.2019;Man United;Man City;0;2;A;A Marriner;12;8;1;5;10;10;1;1;2;2;0;0;7.5;5;1.44;7;4.75;1.44;6.1;4.5;1.5;7;4.75;1.44;7;4.75;1.5;35;7.5;6.79;5.05;4.73;1.5;1.46;33;1.56;1.52;2.65;2.54
4150;24.04.2019;Wolves;Arsenal;3;1;H;S Attwell;11;11;3;1;12;9;5;5;2;3;0;0;2.9;3.5;2.55;2.85;3.4;2.45;2.85;3.35;2.5;2.88;3.4;2.45;3;3.4;2.55;34;3;2.89;3.5;3.41;2.57;2.48;32;1.95;1.88;2.01;1.94
4151;26.04.2019;Liverpool;Huddersfield;5;0;H;K Friend;21;5;7;1;5;14;4;4;0;0;0;0;1.07;15;41;1.05;14;34;1.07;12;26;1.05;13;41;1.07;15;46;34;1.09;1.07;17;13.61;51;36.37;32;1.25;1.22;4.75;4.17
4152;27.04.2019;Brighton;Newcastle;1;1;D;M Dean;9;9;2;1;7;10;7;4;2;3;0;0;2.3;3.2;3.6;2.25;3.1;3.5;2.3;3.1;3.4;2.25;3.1;3.5;2.3;3.2;3.6;35;2.4;2.31;3.25;3.14;3.6;3.45;33;2.5;2.39;1.62;1.58
4153;27.04.2019;Crystal Palace;Everton;0;0;D;L Mason;8;22;0;3;9;15;5;10;2;0;0;0;2.62;3.5;2.8;2.55;3.4;2.75;2.6;3.35;2.7;2.55;3.3;2.8;2.63;3.4;2.88;35;2.72;2.61;3.5;3.37;2.88;2.76;33;2.01;1.94;1.94;1.88
4154;27.04.2019;Fulham;Cardiff;1;0;H;C Kavanagh;8;13;2;8;10;8;10;3;0;0;0;0;2.4;3.6;3;2.35;3.5;2.95;2.35;3.5;2.9;2.3;3.6;3;2.4;3.6;3.1;35;2.45;2.37;3.71;3.56;3.1;2.93;34;1.8;1.73;2.2;2.11
4155;27.04.2019;Southampton;Bournemouth;3;3;D;G Scott;22;9;7;5;8;9;9;3;2;1;0;0;1.9;3.9;4.1;1.9;3.6;4.1;1.87;3.7;4;1.85;3.7;4.2;1.9;3.8;4.3;35;1.95;1.91;3.9;3.72;4.3;4.03;34;1.8;1.75;2.18;2.08
4156;27.04.2019;Tottenham;West Ham;0;1;A;A Taylor;14;16;4;7;3;8;2;7;0;2;0;0;1.4;5.5;7.5;1.42;4.6;7.5;1.42;4.9;6.9;1.42;5;7;1.45;5;7.5;35;1.45;1.43;5.5;4.91;7.8;7.14;33;1.57;1.53;2.65;2.5
4157;27.04.2019;Watford;Wolves;1;2;A;S Hooper;10;11;1;4;10;11;4;5;3;2;0;0;2.62;3.3;2.9;2.55;3.2;2.9;2.55;3.15;2.9;2.6;3.2;2.8;2.7;3.25;2.9;35;2.7;2.58;3.35;3.23;3;2.9;34;2.27;2.19;1.75;1.68
4158;28.04.2019;Burnley;Man City;0;1;A;P Tierney;2;25;0;7;5;7;0;6;1;1;0;0;23;9;1.14;18.5;8;1.15;16;8.1;1.15;21;8.5;1.12;23;9;1.14;35;25;19.65;9.6;8.43;1.17;1.15;34;1.45;1.41;3.05;2.88
4159;28.04.2019;Leicester;Arsenal;3;0;H;M Oliver;24;6;12;1;13;13;8;6;3;1;0;1;2.75;3.6;2.6;2.7;3.6;2.5;2.6;3.6;2.55;2.62;3.6;2.55;2.75;3.6;2.55;35;2.75;2.68;3.77;3.63;2.65;2.54;33;1.65;1.61;2.45;2.33
4160;28.04.2019;Man United;Chelsea;1;1;D;M Atkinson;7;16;5;3;9;14;6;6;3;2;0;0;2.7;3.5;2.7;2.65;3.4;2.65;2.65;3.4;2.6;2.62;3.4;2.7;2.63;3.5;2.75;35;2.75;2.67;3.5;3.38;2.8;2.69;33;1.92;1.85;2.05;1.97
4161;03.05.2019;Everton;Burnley;2;0;H;C Kavanagh;20;5;6;1;8;9;8;1;0;2;0;0;1.66;4;5.75;1.65;3.8;5.75;1.6;4;5.6;1.7;3.9;5.5;1.67;4;5.75;34;1.7;1.66;4.1;3.88;6.1;5.6;32;1.9;1.84;2.15;1.99
4162;04.05.2019;Bournemouth;Tottenham;1;0;H;C Pawson;20;11;6;5;11;12;10;6;1;5;0;2;4;4;1.9;4.1;3.8;1.83;3.85;3.85;1.87;4;3.7;1.88;4.2;3.9;1.9;35;4.2;4;4;3.83;1.94;1.89;33;1.67;1.62;2.4;2.3
4163;04.05.2019;Cardiff;Crystal Palace;2;3;A;M Oliver;18;21;8;7;14;11;10;5;0;0;0;0;2.6;3.75;2.7;2.55;3.6;2.65;2.6;3.5;2.65;2.55;3.6;2.62;2.6;3.7;2.7;35;2.66;2.59;3.75;3.57;2.75;2.68;33;2;1.93;1.96;1.88
4164;04.05.2019;Newcastle;Liverpool;2;3;A;A Marriner;14;11;7;4;10;4;2;3;1;1;0;0;9.5;5.25;1.36;10;5;1.33;9.4;4.85;1.35;10;5;1.33;11;5;1.36;34;11;9.91;5.35;4.98;1.37;1.35;33;1.75;1.71;2.22;2.14
4165;04.05.2019;West Ham;Southampton;3;0;H;S Attwell;17;11;6;1;2;11;2;7;1;1;0;0;2.3;3.75;3.1;2.3;3.6;2.95;2.3;3.6;2.95;2.3;3.6;3;2.3;3.7;3.13;34;2.35;2.3;3.75;3.64;3.15;3.02;32;1.66;1.61;2.43;2.32
4166;04.05.2019;Wolves;Fulham;1;0;H;J Moss;19;6;6;2;10;15;7;1;1;3;0;0;1.53;4.2;7.5;1.55;4.1;6.25;1.55;4.15;6.3;1.53;4;7;1.57;4.1;7;34;1.57;1.55;4.35;4.12;7.5;6.52;32;1.85;1.8;2.1;2.03
4167;05.05.2019;Arsenal;Brighton;1;1;D;A Taylor;20;11;8;5;9;14;16;3;5;2;0;0;1.4;5;9;1.36;4.75;9.25;1.43;4.5;7.7;1.4;4.6;8.5;1.4;4.8;8.5;34;1.44;1.41;5;4.69;9.25;8.3;33;1.73;1.67;2.27;2.2
4168;05.05.2019;Chelsea;Watford;3;0;H;P Tierney;19;15;9;3;6;12;6;6;0;1;0;0;1.4;5.25;8;1.4;4.75;8;1.4;4.95;7.7;1.38;4.8;8.5;1.4;5;9;34;1.42;1.4;5.3;4.95;9;8.13;32;1.64;1.6;2.45;2.34
4169;05.05.2019;Huddersfield;Man United;1;1;D;L Mason;7;23;3;7;10;10;3;7;1;1;0;0;11;6;1.3;8.75;5.5;1.33;9.5;5.6;1.3;11;5.25;1.3;12;5.25;1.33;34;12;9.95;6;5.37;1.35;1.33;32;1.71;1.67;2.3;2.22
4170;06.05.2019;Man City;Leicester;1;0;H;M Dean;19;7;5;2;12;5;11;0;3;2;0;0;1.12;8.5;17;1.14;8.75;17;1.15;8;17;1.15;8;17;1.17;8.5;18;34;1.18;1.16;9.5;8.29;20;16.95;32;1.35;1.31;3.6;3.42
4171;12.05.2019;Brighton;Man City;1;4;A;M Oliver;6;20;2;9;12;8;2;6;0;0;0;0;19;8.5;1.16;17.5;8.75;1.14;17;8;1.15;19;8;1.14;21;8.5;1.15;35;21;16.94;8.75;8.03;1.18;1.16;34;1.45;1.41;3.2;2.86
4172;12.05.2019;Burnley;Arsenal;1;3;A;M Dean;14;17;5;6;11;3;4;5;5;1;0;0;3.25;3.8;2.2;3.1;3.75;2.15;3.1;3.75;2.15;3.1;3.7;2.2;3.13;3.8;2.2;34;3.3;3.14;3.9;3.74;2.3;2.2;32;1.61;1.57;2.55;2.39
4173;12.05.2019;Crystal Palace;Bournemouth;5;3;H;R East;17;16;8;8;11;8;4;4;3;0;0;0;1.9;4.2;3.8;1.85;3.9;3.9;1.85;3.95;3.85;1.83;4;3.9;1.85;4.1;4.1;35;1.91;1.87;4.2;4;4.1;3.87;33;1.6;1.54;2.59;2.45
4174;12.05.2019;Fulham;Newcastle;0;4;A;K Friend;16;13;2;6;6;8;5;5;1;0;0;0;2.5;3.6;2.9;2.55;3.6;2.65;2.5;3.5;2.75;2.5;3.5;2.75;2.5;3.5;2.88;35;2.57;2.5;3.65;3.53;2.9;2.78;34;1.8;1.75;2.17;2.08
4175;12.05.2019;Leicester;Chelsea;0;0;D;A Taylor;9;14;3;4;9;8;4;5;0;1;0;0;2.4;3.75;2.9;2.35;3.6;2.85;2.35;3.5;2.9;2.38;3.6;2.88;2.4;3.7;2.9;35;2.45;2.4;3.75;3.57;3.05;2.89;34;1.75;1.7;2.26;2.16
4176;12.05.2019;Liverpool;Wolves;2;0;H;M Atkinson;13;7;5;2;3;11;4;1;0;2;0;0;1.3;6;11;1.3;5.75;9.5;1.31;5.4;9.3;1.29;5.5;11;1.3;5.75;11.5;35;1.33;1.3;6;5.62;11.5;10.17;33;1.65;1.61;2.43;2.31
4177;12.05.2019;Man United;Cardiff;0;2;A;J Moss;26;13;10;4;9;6;11;2;3;3;0;0;1.28;6.5;11;1.25;6.25;11;1.28;6.1;9.2;1.25;6.5;10;1.29;6.25;11;34;1.31;1.28;6.75;6.18;11;10.1;32;1.45;1.39;3.25;2.95
4178;12.05.2019;Southampton;Huddersfield;1;1;D;L Probert;10;10;3;3;8;6;4;3;0;1;0;0;1.44;4.75;8.5;1.42;4.75;7.25;1.42;4.8;7.1;1.4;4.75;8;1.4;4.8;8.5;34;1.45;1.42;5.15;4.81;8.75;7.64;32;1.67;1.62;2.4;2.29
4179;12.05.2019;Tottenham;Everton;2;2;D;A Marriner;11;17;3;9;10;13;7;4;0;2;0;0;2.2;3.5;3.5;2.1;3.5;3.5;2.05;3.45;3.6;2.1;3.5;3.5;2.1;3.5;3.7;35;2.2;2.09;3.7;3.51;3.8;3.58;34;1.81;1.76;2.18;2.07
4180;12.05.2019;Watford;West Ham;1;4;A;C Kavanagh;17;16;8;9;10;10;7;2;1;0;1;0;2.25;3.75;3.2;2.2;3.7;3.1;2.2;3.75;3.05;2.2;3.7;3.1;2.2;3.75;3.25;35;2.26;2.2;3.9;3.73;3.25;3.13;33;1.6;1.55;2.56;2.44